strategy_class,strategy,window_sec,events,events_with_trades,trade_coverage_pct,events_min_le_0.95,hit_rate_le_0.95_pct,total_size_le_0.95,events_min_le_0.97,hit_rate_le_0.97_pct,total_size_le_0.97,events_min_le_0.98,hit_rate_le_0.98_pct,total_size_le_0.98,events_min_le_0.99,hit_rate_le_0.99_pct,total_size_le_0.99,events_min_le_0.995,hit_rate_le_0.995_pct,total_size_le_0.995,events_min_le_0.999,hit_rate_le_0.999_pct,total_size_le_0.999,overall_min_price,overall_min_net_roi_pct,last3min_read,priority
locked_after_result,total_over_locked,180,37,33,89.19,5,13.51,198507.181796,5,13.51,230759.262619,6,16.22,296687.770915,11,29.73,410693.644416,11,29.73,411347.644416,33,89.19,612100.554916,0.04,2397.12,结果已锁类，数据显著但更像盘口更新延迟,7
locked_after_result,team_total_over_locked,180,37,23,62.16,2,5.41,1828.316178,2,5.41,2040.906178,2,5.41,2255.966178,5,13.51,10964.046178,5,13.51,10964.046178,23,62.16,71451.166178,0.0839454094292804,1088.5022,结果已锁类，深度小于 total over locked,8
locked_after_result,btts_yes_locked,180,23,23,100.0,0,0.0,0,0,0.0,0,0,0.0,0,1,4.35,7548.47,2,8.7,9554.29,23,100.0,131583.714,0.99,0.9801,结果已锁类，3分钟仅少量 <=0.99,9
loss_requires_2_goals,total_under_loss_ge2,180,38,35,92.11,1,2.63,864.8,1,2.63,908.8,1,2.63,958.8,13,34.21,38376.22,19,50.0,49534.493,35,92.11,168777.437002,0.95,5.1132,最后3分钟最稳的非拼速主线，<=0.99 样本最多，<=0.98 很少,1
loss_requires_2_goals,spread_tight_loss_ge2,180,40,29,72.5,1,2.5,727.192,3,7.5,4555.416633,3,7.5,6297.424795,11,27.5,88460.84832,16,40.0,96407.56654,29,72.5,130371.731569,0.85,17.1971,价格最好但方向复杂；适合作为第二主线，需要严格解析,2
loss_requires_2_goals,team_total_under_loss_ge2,180,36,18,50.0,0,0.0,0,1,2.78,8.33,1,2.78,8.33,5,13.89,497.33,6,16.67,611.37,18,50.0,4458.42,0.96,4.0467,有少量高 ROI，但深度小,3
loss_requires_2_goals,draw_no_lead_ge2,180,19,11,57.89,0,0.0,0,0,0.0,0,0,0.0,0,2,10.53,39840.207827,3,15.79,43293.936713,11,57.89,199321.056713,0.9870000007046698,1.2781,2球领先可做，3分钟通常约1%左右,4
loss_requires_2_goals,leader_yes_lead_ge2,180,19,16,84.21,0,0.0,0,0,0.0,0,0,0.0,0,2,10.53,7607.31,2,10.53,19867.27,16,84.21,1586697.615496,0.989,1.0792,2球领先可做，3分钟通常约1%左右,5
loss_requires_2_goals,loser_no,180,26,21,80.77,0,0.0,0,0,0.0,0,0,0.0,0,2,7.69,3227.76,2,7.69,3237.26,21,80.77,996526.658,0.99,0.9801,一球领先强队不输逻辑正确，但3分钟窗口肉最少,6
