strategy_class,strategy,window_sec,date,title,score,final_margin,winner,question,outcome,loss_requires_goals,line,required_margin,final_total,team,team_goals,loser,spread_side,locked,buy_trades,buy_size,min_price,last_price,net_roi_min_pct,net_roi_last_pct,trades_le_0.95,size_le_0.95,trades_le_0.97,size_le_0.97,trades_le_0.98,size_le_0.98,trades_le_0.99,size_le_0.99,trades_le_0.995,size_le_0.995,trades_le_0.999,size_le_0.999,caution
locked_after_result,total_over_locked,180,2026-06-16,Iraq vs. Norway,1-4,3,Norway,Iraq vs. Norway: O/U 4.5,Over,999,4.5,,5,,,,,True,551,196265.122451,0.04,0.99,2397.12,0.9801,437,90650.8641,496,106545.98255,502,170175.343364,551,196265.122451,551,196265.122451,551,196265.122451,已锁定结果类，可能依赖进球后盘口更新延迟，单独观察
locked_after_result,total_over_locked,180,2026-06-18,Uzbekistan vs. Colombia,1-3,2,Colombia,Uzbekistan vs. Colombia: O/U 3.5,Over,999,3.5,,4,,,,,True,166,52045.023371,0.05183895139668645,0.999,1826.2069,0.0971,31,5597.517603,66,16127.537603,79,16815.581535,131,41762.403371,131,41762.403371,166,52045.023371,已锁定结果类，可能依赖进球后盘口更新延迟，单独观察
locked_after_result,total_over_locked,180,2026-06-15,Sweden vs. Tunisia,5-1,4,Sweden,Sweden vs. Tunisia: O/U 5.5,Over,999,5.5,,6,,,,,True,168,39124.358963,0.05799995309564932,0.999,1621.3133,0.0971,63,6864.217228,89,12457.829601,96,12966.787701,135,26664.048963,135,26664.048963,168,39124.358963,已锁定结果类，可能依赖进球后盘口更新延迟，单独观察
locked_after_result,total_over_locked,180,2026-06-18,Switzerland vs. Bosnia-Herzegovina,4-1,3,Switzerland,Switzerland vs. Bosnia and Herzegovina: O/U 4.5,Over,999,4.5,,5,,,,,True,707,116762.188783,0.07,0.999,1325.7814,0.0971,643,76848.679467,644,76982.009467,645,77109.239467,663,83457.818283,664,84111.818283,707,116762.188783,已锁定结果类，可能依赖进球后盘口更新延迟，单独观察
locked_after_result,team_total_over_locked,180,2026-06-18,Uzbekistan vs. Colombia,1-3,2,Colombia,Uzbekistan vs. Colombia: Colombia O/U 2.5,Over,999,2.5,,,Colombia,3,,,True,29,1878.416664,0.0839454094292804,0.99,1088.5022,0.9801,6,529.696664,8,742.286664,12,906.326664,29,1878.416664,29,1878.416664,29,1878.416664,已锁定结果类，可能依赖进球后盘口更新延迟，单独观察
locked_after_result,total_over_locked,180,2026-06-17,Austria vs. Jordan,3-1,2,Austria,Austria vs. Jordan: O/U 3.5,Over,999,3.5,,4,,,,,True,395,37803.720848,0.65,0.99,52.7962,0.9801,316,18545.903398,317,18645.903398,321,19590.578848,395,37803.720848,395,37803.720848,395,37803.720848,已锁定结果类，可能依赖进球后盘口更新延迟，单独观察
locked_after_result,team_total_over_locked,180,2026-06-17,Austria vs. Jordan,3-1,2,Austria,Austria vs. Jordan: Austria O/U 2.5,Over,999,2.5,,,Austria,3,,,True,29,3774.629514,0.69,0.99,43.9975,0.9801,17,1298.619514,17,1298.619514,18,1349.639514,29,3774.629514,29,3774.629514,29,3774.629514,已锁定结果类，可能依赖进球后盘口更新延迟，单独观察
locked_after_result,total_over_locked,180,2026-06-13,Qatar vs. Switzerland,1-1,0,,Qatar vs. Switzerland: O/U 1.5,Over,999,1.5,,2,,,,,True,41,12311.0105,0.98,0.99,1.9808,0.9801,0,0,0,0,1,30.24,41,12311.0105,41,12311.0105,41,12311.0105,已锁定结果类，可能依赖进球后盘口更新延迟，单独观察
locked_after_result,btts_yes_locked,180,2026-06-13,Qatar vs. Switzerland,1-1,0,,Qatar vs. Switzerland: Both Teams to Score,Yes,999,,,,,,,,True,63,7548.47,0.99,0.99,0.9801,0.9801,0,0,0,0,0,0,63,7548.47,63,7548.47,63,7548.47,已锁定结果类，可能依赖进球后盘口更新延迟，单独观察
locked_after_result,total_over_locked,180,2026-06-13,United States vs. Paraguay,4-1,3,United States,United States vs. Paraguay: O/U 4.5,Over,999,4.5,,5,,,,,True,66,6548.72,0.99,0.999,0.9801,0.0971,0,0,0,0,0,0,59,5794.42,59,5794.42,66,6548.72,已锁定结果类，可能依赖进球后盘口更新延迟，单独观察
locked_after_result,total_over_locked,180,2026-06-14,Germany vs. Curaçao,7-1,6,Germany,Germany vs. Curaçao: O/U 7.5,Over,999,7.5,,8,,,,,True,12,3198.81,0.99,0.99,0.9801,0.9801,0,0,0,0,0,0,12,3198.81,12,3198.81,12,3198.81,已锁定结果类，可能依赖进球后盘口更新延迟，单独观察
locked_after_result,team_total_over_locked,180,2026-06-14,Netherlands vs. Japan,2-2,0,,Netherlands vs. Japan: Japan O/U 1.5,Over,999,1.5,,,Japan,2,,,True,3,2814.4,0.99,0.99,0.9801,0.9801,0,0,0,0,0,0,3,2814.4,3,2814.4,3,2814.4,已锁定结果类，可能依赖进球后盘口更新延迟，单独观察
locked_after_result,total_over_locked,180,2026-06-20,Germany vs. Côte d'Ivoire,2-1,1,Germany,Germany vs. Côte d'Ivoire: O/U 2.5,Over,999,2.5,,3,,,,,True,103,90202.45,0.99,0.999,0.9801,0.0971,0,0,0,0,0,0,23,2617.9,23,2617.9,103,90202.45,已锁定结果类，可能依赖进球后盘口更新延迟，单独观察
locked_after_result,team_total_over_locked,180,2026-06-20,Germany vs. Côte d'Ivoire,2-1,1,Germany,Germany vs. Côte d'Ivoire: Germany O/U 1.5,Over,999,1.5,,,Germany,2,,,True,35,7313.79,0.99,0.999,0.9801,0.0971,0,0,0,0,0,0,15,1568.13,15,1568.13,35,7313.79,已锁定结果类，可能依赖进球后盘口更新延迟，单独观察
locked_after_result,team_total_over_locked,180,2026-06-14,Côte d'Ivoire vs. Ecuador,1-0,1,Côte d'Ivoire,Côte d'Ivoire vs. Ecuador: Côte d'Ivoire O/U 0.5,Over,999,0.5,,,Côte d'Ivoire,1,,,True,2,928.47,0.99,0.99,0.9801,0.9801,0,0,0,0,0,0,2,928.47,2,928.47,2,928.47,已锁定结果类，可能依赖进球后盘口更新延迟，单独观察
locked_after_result,total_over_locked,180,2026-06-14,Netherlands vs. Japan,2-2,0,,Netherlands vs. Japan: O/U 3.5,Over,999,3.5,,4,,,,,True,9,765.44,0.99,0.99,0.9801,0.9801,0,0,0,0,0,0,9,765.44,9,765.44,9,765.44,已锁定结果类，可能依赖进球后盘口更新延迟，单独观察
locked_after_result,total_over_locked,180,2026-06-14,Côte d'Ivoire vs. Ecuador,1-0,1,Côte d'Ivoire,Côte d'Ivoire vs. Ecuador: O/U 0.5,Over,999,0.5,,1,,,,,True,4,922.57,0.99,0.999,0.9801,0.0971,0,0,0,0,0,0,2,52.95,2,52.95,4,922.57,已锁定结果类，可能依赖进球后盘口更新延迟，单独观察
locked_after_result,btts_yes_locked,180,2026-06-16,France vs. Senegal,3-1,2,France,France vs. Senegal: Both Teams to Score,Yes,999,,,,,,,,True,119,34155.654,0.991,0.999,0.8812,0.0971,0,0,0,0,0,0,0,0,15,2005.82,119,34155.654,已锁定结果类，可能依赖进球后盘口更新延迟，单独观察
locked_after_result,total_over_locked,180,2026-06-11,Mexico vs. South Africa,2-0,2,Mexico,Mexico vs. South Africa: O/U 1.5,Over,999,1.5,,2,,,,,True,9,153.87,0.999,0.999,0.0971,0.0971,0,0,0,0,0,0,0,0,0,0,9,153.87,已锁定结果类，可能依赖进球后盘口更新延迟，单独观察
locked_after_result,team_total_over_locked,180,2026-06-11,Mexico vs. South Africa,2-0,2,Mexico,Mexico vs. South Africa: Mexico O/U 1.5,Over,999,1.5,,,Mexico,2,,,True,3,976.31,0.999,0.999,0.0971,0.0971,0,0,0,0,0,0,0,0,0,0,3,976.31,已锁定结果类，可能依赖进球后盘口更新延迟，单独观察
locked_after_result,team_total_over_locked,180,2026-06-12,Korea Republic vs. Czechia,2-1,1,Korea Republic,Korea Republic vs. Czechia: Korea Republic O/U 1.5,Over,999,1.5,,,Korea Republic,2,,,True,1,88.88,0.999,0.999,0.0971,0.0971,0,0,0,0,0,0,0,0,0,0,1,88.88,已锁定结果类，可能依赖进球后盘口更新延迟，单独观察
locked_after_result,total_over_locked,180,2026-06-12,Korea Republic vs. Czechia,2-1,1,Korea Republic,Korea Republic vs. Czechia: O/U 2.5,Over,999,2.5,,3,,,,,True,6,1194.66,0.999,0.999,0.0971,0.0971,0,0,0,0,0,0,0,0,0,0,6,1194.66,已锁定结果类，可能依赖进球后盘口更新延迟，单独观察
locked_after_result,btts_yes_locked,180,2026-06-12,Korea Republic vs. Czechia,2-1,1,Korea Republic,Korea Republic vs. Czechia: Both Teams to Score,Yes,999,,,,,,,,True,13,567.33,0.999,0.999,0.0971,0.0971,0,0,0,0,0,0,0,0,0,0,13,567.33,已锁定结果类，可能依赖进球后盘口更新延迟，单独观察
locked_after_result,btts_yes_locked,180,2026-06-12,Canada vs. Bosnia-Herzegovina,1-1,0,,Canada vs. Bosnia and Herzegovina: Both Teams to Score,Yes,999,,,,,,,,True,15,13143.82,0.999,0.999,0.0971,0.0971,0,0,0,0,0,0,0,0,0,0,15,13143.82,已锁定结果类，可能依赖进球后盘口更新延迟，单独观察
locked_after_result,team_total_over_locked,180,2026-06-13,United States vs. Paraguay,4-1,3,United States,United States vs. Paraguay: Paraguay O/U 0.5,Over,999,0.5,,,Paraguay,1,,,True,5,228.66,0.999,0.999,0.0971,0.0971,0,0,0,0,0,0,0,0,0,0,5,228.66,已锁定结果类，可能依赖进球后盘口更新延迟，单独观察
locked_after_result,team_total_over_locked,180,2026-06-13,Qatar vs. Switzerland,1-1,0,,Qatar vs. Switzerland: Switzerland O/U 0.5,Over,999,0.5,,,Switzerland,1,,,True,1,531.91,0.999,0.999,0.0971,0.0971,0,0,0,0,0,0,0,0,0,0,1,531.91,已锁定结果类，可能依赖进球后盘口更新延迟，单独观察
locked_after_result,btts_yes_locked,180,2026-06-13,United States vs. Paraguay,4-1,3,United States,United States vs. Paraguay: Both Teams to Score,Yes,999,,,,,,,,True,24,2239.38,0.999,0.999,0.0971,0.0971,0,0,0,0,0,0,0,0,0,0,24,2239.38,已锁定结果类，可能依赖进球后盘口更新延迟，单独观察
locked_after_result,total_over_locked,180,2026-06-13,Brazil vs. Morocco,1-1,0,,Brazil vs. Morocco: O/U 1.5,Over,999,1.5,,2,,,,,True,5,922.28,0.999,0.999,0.0971,0.0971,0,0,0,0,0,0,0,0,0,0,5,922.28,已锁定结果类，可能依赖进球后盘口更新延迟，单独观察
locked_after_result,total_over_locked,180,2026-06-14,Haiti vs. Scotland,0-1,1,Scotland,Haiti vs. Scotland: O/U 0.5,Over,999,0.5,,1,,,,,True,1,1.04,0.999,0.999,0.0971,0.0971,0,0,0,0,0,0,0,0,0,0,1,1.04,已锁定结果类，可能依赖进球后盘口更新延迟，单独观察
locked_after_result,team_total_over_locked,180,2026-06-14,Haiti vs. Scotland,0-1,1,Scotland,Haiti vs. Scotland: Scotland O/U 0.5,Over,999,0.5,,,Scotland,1,,,True,1,4700.0,0.999,0.999,0.0971,0.0971,0,0,0,0,0,0,0,0,0,0,1,4700.0,已锁定结果类，可能依赖进球后盘口更新延迟，单独观察
locked_after_result,btts_yes_locked,180,2026-06-13,Brazil vs. Morocco,1-1,0,,Brazil vs. Morocco: Both Teams to Score,Yes,999,,,,,,,,True,14,2825.09,0.999,0.999,0.0971,0.0971,0,0,0,0,0,0,0,0,0,0,14,2825.09,已锁定结果类，可能依赖进球后盘口更新延迟，单独观察
locked_after_result,total_over_locked,180,2026-06-14,Australia vs. Türkiye,2-0,2,Australia,Australia vs. Türkiye: O/U 1.5,Over,999,1.5,,2,,,,,True,3,519.62,0.999,0.999,0.0971,0.0971,0,0,0,0,0,0,0,0,0,0,3,519.62,已锁定结果类，可能依赖进球后盘口更新延迟，单独观察
locked_after_result,btts_yes_locked,180,2026-06-14,Germany vs. Curaçao,7-1,6,Germany,Germany vs. Curaçao: Both Teams to Score,Yes,999,,,,,,,,True,1,64.51,0.999,0.999,0.0971,0.0971,0,0,0,0,0,0,0,0,0,0,1,64.51,已锁定结果类，可能依赖进球后盘口更新延迟，单独观察
locked_after_result,btts_yes_locked,180,2026-06-14,Netherlands vs. Japan,2-2,0,,Netherlands vs. Japan: Both Teams to Score,Yes,999,,,,,,,,True,14,756.31,0.999,0.999,0.0971,0.0971,0,0,0,0,0,0,0,0,0,0,14,756.31,已锁定结果类，可能依赖进球后盘口更新延迟，单独观察
locked_after_result,team_total_over_locked,180,2026-06-15,Sweden vs. Tunisia,5-1,4,Sweden,Sweden vs. Tunisia: Tunisia O/U 0.5,Over,999,0.5,,,Tunisia,1,,,True,2,155.11,0.999,0.999,0.0971,0.0971,0,0,0,0,0,0,0,0,0,0,2,155.11,已锁定结果类，可能依赖进球后盘口更新延迟，单独观察
locked_after_result,btts_yes_locked,180,2026-06-15,Sweden vs. Tunisia,5-1,4,Sweden,Sweden vs. Tunisia: Both Teams to Score,Yes,999,,,,,,,,True,1,5.93,0.999,0.999,0.0971,0.0971,0,0,0,0,0,0,0,0,0,0,1,5.93,已锁定结果类，可能依赖进球后盘口更新延迟，单独观察
locked_after_result,total_over_locked,180,2026-06-15,Belgium vs. Egypt,1-1,0,,Belgium vs. Egypt: O/U 1.5,Over,999,1.5,,2,,,,,True,8,3194.25,0.999,0.999,0.0971,0.0971,0,0,0,0,0,0,0,0,0,0,8,3194.25,已锁定结果类，可能依赖进球后盘口更新延迟，单独观察
locked_after_result,btts_yes_locked,180,2026-06-15,Belgium vs. Egypt,1-1,0,,Belgium vs. Egypt: Both Teams to Score,Yes,999,,,,,,,,True,8,106.87,0.999,0.999,0.0971,0.0971,0,0,0,0,0,0,0,0,0,0,8,106.87,已锁定结果类，可能依赖进球后盘口更新延迟，单独观察
locked_after_result,team_total_over_locked,180,2026-06-16,IR Iran vs. New Zealand,2-2,0,,IR Iran vs. New Zealand: New Zealand O/U 1.5,Over,999,1.5,,,New Zealand,2,,,True,2,260.11,0.999,0.999,0.0971,0.0971,0,0,0,0,0,0,0,0,0,0,2,260.11,已锁定结果类，可能依赖进球后盘口更新延迟，单独观察
locked_after_result,total_over_locked,180,2026-06-15,Saudi Arabia vs. Uruguay,1-1,0,,Saudi Arabia vs. Uruguay: O/U 1.5,Over,999,1.5,,2,,,,,True,5,4341.36,0.999,0.999,0.0971,0.0971,0,0,0,0,0,0,0,0,0,0,5,4341.36,已锁定结果类，可能依赖进球后盘口更新延迟，单独观察
locked_after_result,btts_yes_locked,180,2026-06-15,Saudi Arabia vs. Uruguay,1-1,0,,Saudi Arabia vs. Uruguay: Both Teams to Score,Yes,999,,,,,,,,True,9,1099.98,0.999,0.999,0.0971,0.0971,0,0,0,0,0,0,0,0,0,0,9,1099.98,已锁定结果类，可能依赖进球后盘口更新延迟，单独观察
locked_after_result,total_over_locked,180,2026-06-16,IR Iran vs. New Zealand,2-2,0,,IR Iran vs. New Zealand: O/U 3.5,Over,999,3.5,,4,,,,,True,1,10.52,0.999,0.999,0.0971,0.0971,0,0,0,0,0,0,0,0,0,0,1,10.52,已锁定结果类，可能依赖进球后盘口更新延迟，单独观察
locked_after_result,btts_yes_locked,180,2026-06-16,IR Iran vs. New Zealand,2-2,0,,IR Iran vs. New Zealand: Both Teams to Score,Yes,999,,,,,,,,True,1,4.54,0.999,0.999,0.0971,0.0971,0,0,0,0,0,0,0,0,0,0,1,4.54,已锁定结果类，可能依赖进球后盘口更新延迟，单独观察
locked_after_result,total_over_locked,180,2026-06-16,France vs. Senegal,3-1,2,France,France vs. Senegal: O/U 3.5,Over,999,3.5,,4,,,,,True,31,8873.58,0.999,0.999,0.0971,0.0971,0,0,0,0,0,0,0,0,0,0,31,8873.58,已锁定结果类，可能依赖进球后盘口更新延迟，单独观察
locked_after_result,team_total_over_locked,180,2026-06-16,France vs. Senegal,3-1,2,France,France vs. Senegal: France O/U 2.5,Over,999,2.5,,,France,3,,,True,16,2677.47,0.999,0.999,0.0971,0.0971,0,0,0,0,0,0,0,0,0,0,16,2677.47,已锁定结果类，可能依赖进球后盘口更新延迟，单独观察
locked_after_result,btts_yes_locked,180,2026-06-16,Iraq vs. Norway,1-4,3,Norway,Iraq vs. Norway: Both Teams to Score,Yes,999,,,,,,,,True,1,276.57,0.999,0.999,0.0971,0.0971,0,0,0,0,0,0,0,0,0,0,1,276.57,已锁定结果类，可能依赖进球后盘口更新延迟，单独观察
locked_after_result,total_over_locked,180,2026-06-17,Argentina vs. Algeria,3-0,3,Argentina,Argentina vs. Algeria: O/U 2.5,Over,999,2.5,,3,,,,,True,14,1730.56,0.999,0.999,0.0971,0.0971,0,0,0,0,0,0,0,0,0,0,14,1730.56,已锁定结果类，可能依赖进球后盘口更新延迟，单独观察
locked_after_result,team_total_over_locked,180,2026-06-17,Argentina vs. Algeria,3-0,3,Argentina,Argentina vs. Algeria: Argentina O/U 2.5,Over,999,2.5,,,Argentina,3,,,True,4,340.82,0.999,0.999,0.0971,0.0971,0,0,0,0,0,0,0,0,0,0,4,340.82,已锁定结果类，可能依赖进球后盘口更新延迟，单独观察
locked_after_result,btts_yes_locked,180,2026-06-17,Austria vs. Jordan,3-1,2,Austria,Austria vs. Jordan: Both Teams to Score,Yes,999,,,,,,,,True,9,165.47,0.999,0.999,0.0971,0.0971,0,0,0,0,0,0,0,0,0,0,9,165.47,已锁定结果类，可能依赖进球后盘口更新延迟，单独观察
locked_after_result,btts_yes_locked,180,2026-06-17,Portugal vs. DR Congo,1-1,0,,Portugal vs. DR Congo: Both Teams to Score,Yes,999,,,,,,,,True,8,150.13,0.999,0.999,0.0971,0.0971,0,0,0,0,0,0,0,0,0,0,8,150.13,已锁定结果类，可能依赖进球后盘口更新延迟，单独观察
locked_after_result,total_over_locked,180,2026-06-17,England vs. Croatia,4-2,2,England,England vs. Croatia: O/U 5.5,Over,999,5.5,,6,,,,,True,17,3139.66,0.999,0.999,0.0971,0.0971,0,0,0,0,0,0,0,0,0,0,17,3139.66,已锁定结果类，可能依赖进球后盘口更新延迟，单独观察
locked_after_result,team_total_over_locked,180,2026-06-17,Ghana vs. Panama,1-0,1,Ghana,Ghana vs. Panama: Ghana O/U 0.5,Over,999,0.5,,,Ghana,1,,,True,5,633.95,0.999,0.999,0.0971,0.0971,0,0,0,0,0,0,0,0,0,0,5,633.95,已锁定结果类，可能依赖进球后盘口更新延迟，单独观察
locked_after_result,btts_yes_locked,180,2026-06-17,England vs. Croatia,4-2,2,England,England vs. Croatia: Both Teams to Score,Yes,999,,,,,,,,True,6,812.47,0.999,0.999,0.0971,0.0971,0,0,0,0,0,0,0,0,0,0,6,812.47,已锁定结果类，可能依赖进球后盘口更新延迟，单独观察
locked_after_result,total_over_locked,180,2026-06-17,Ghana vs. Panama,1-0,1,Ghana,Ghana vs. Panama: O/U 0.5,Over,999,0.5,,1,,,,,True,18,1064.52,0.999,0.999,0.0971,0.0971,0,0,0,0,0,0,0,0,0,0,18,1064.52,已锁定结果类，可能依赖进球后盘口更新延迟，单独观察
locked_after_result,btts_yes_locked,180,2026-06-18,Uzbekistan vs. Colombia,1-3,2,Colombia,Uzbekistan vs. Colombia: Both Teams to Score,Yes,999,,,,,,,,True,6,1038.53,0.999,0.999,0.0971,0.0971,0,0,0,0,0,0,0,0,0,0,6,1038.53,已锁定结果类，可能依赖进球后盘口更新延迟，单独观察
locked_after_result,total_over_locked,180,2026-06-18,Czechia vs. South Africa,1-1,0,,Czechia vs. South Africa: O/U 1.5,Over,999,1.5,,2,,,,,True,7,1444.5,0.999,0.999,0.0971,0.0971,0,0,0,0,0,0,0,0,0,0,7,1444.5,已锁定结果类，可能依赖进球后盘口更新延迟，单独观察
locked_after_result,btts_yes_locked,180,2026-06-18,Czechia vs. South Africa,1-1,0,,Czechia vs. South Africa: Both Teams to Score,Yes,999,,,,,,,,True,21,2106.42,0.999,0.999,0.0971,0.0971,0,0,0,0,0,0,0,0,0,0,21,2106.42,已锁定结果类，可能依赖进球后盘口更新延迟，单独观察
locked_after_result,team_total_over_locked,180,2026-06-18,Switzerland vs. Bosnia-Herzegovina,4-1,3,Switzerland,Switzerland vs. Bosnia-Herzegovina: Bosnia-Herzegovina O/U 0.5,Over,999,0.5,,,Bosnia-Herzegovina,1,,,True,18,42005.89,0.999,0.999,0.0971,0.0971,0,0,0,0,0,0,0,0,0,0,18,42005.89,已锁定结果类，可能依赖进球后盘口更新延迟，单独观察
locked_after_result,btts_yes_locked,180,2026-06-18,Switzerland vs. Bosnia-Herzegovina,4-1,3,Switzerland,Switzerland vs. Bosnia and Herzegovina: Both Teams to Score,Yes,999,,,,,,,,True,90,11990.5,0.999,0.999,0.0971,0.0971,0,0,0,0,0,0,0,0,0,0,90,11990.5,已锁定结果类，可能依赖进球后盘口更新延迟，单独观察
locked_after_result,team_total_over_locked,180,2026-06-18,Canada vs. Qatar,6-0,6,Canada,Canada vs. Qatar: Canada O/U 2.5,Over,999,2.5,,,Canada,6,,,True,1,11.36,0.999,0.999,0.0971,0.0971,0,0,0,0,0,0,0,0,0,0,1,11.36,已锁定结果类，可能依赖进球后盘口更新延迟，单独观察
locked_after_result,total_over_locked,180,2026-06-18,Canada vs. Qatar,6-0,6,Canada,Canada vs. Qatar: O/U 5.5,Over,999,5.5,,6,,,,,True,10,2760.38,0.999,0.999,0.0971,0.0971,0,0,0,0,0,0,0,0,0,0,10,2760.38,已锁定结果类，可能依赖进球后盘口更新延迟，单独观察
locked_after_result,total_over_locked,180,2026-06-19,Mexico vs. Korea Republic,1-0,1,Mexico,Mexico vs. Korea Republic: O/U 0.5,Over,999,0.5,,1,,,,,True,3,281.71,0.999,0.999,0.0971,0.0971,0,0,0,0,0,0,0,0,0,0,3,281.71,已锁定结果类，可能依赖进球后盘口更新延迟，单独观察
locked_after_result,team_total_over_locked,180,2026-06-19,United States vs. Australia,2-0,2,United States,United States vs. Australia: United States O/U 1.5,Over,999,1.5,,,United States,2,,,True,1,150.6,0.999,0.999,0.0971,0.0971,0,0,0,0,0,0,0,0,0,0,1,150.6,已锁定结果类，可能依赖进球后盘口更新延迟，单独观察
locked_after_result,total_over_locked,180,2026-06-19,United States vs. Australia,2-0,2,United States,United States vs. Australia: O/U 1.5,Over,999,1.5,,2,,,,,True,1,20.0,0.999,0.999,0.0971,0.0971,0,0,0,0,0,0,0,0,0,0,1,20.0,已锁定结果类，可能依赖进球后盘口更新延迟，单独观察
locked_after_result,total_over_locked,180,2026-06-20,Brazil vs. Haiti,3-0,3,Brazil,Brazil vs. Haiti: O/U 2.5,Over,999,2.5,,3,,,,,True,3,316.27,0.999,0.999,0.0971,0.0971,0,0,0,0,0,0,0,0,0,0,3,316.27,已锁定结果类，可能依赖进球后盘口更新延迟，单独观察
locked_after_result,team_total_over_locked,180,2026-06-20,Brazil vs. Haiti,3-0,3,Brazil,Brazil vs. Haiti: Brazil O/U 2.5,Over,999,2.5,,,Brazil,3,,,True,3,1383.22,0.999,0.999,0.0971,0.0971,0,0,0,0,0,0,0,0,0,0,3,1383.22,已锁定结果类，可能依赖进球后盘口更新延迟，单独观察
locked_after_result,team_total_over_locked,180,2026-06-20,Netherlands vs. Sweden,5-1,4,Netherlands,Netherlands vs. Sweden: Sweden O/U 0.5,Over,999,0.5,,,Sweden,1,,,True,1,1.44,0.999,0.999,0.0971,0.0971,0,0,0,0,0,0,0,0,0,0,1,1.44,已锁定结果类，可能依赖进球后盘口更新延迟，单独观察
locked_after_result,total_over_locked,180,2026-06-20,Netherlands vs. Sweden,5-1,4,Netherlands,Netherlands vs. Sweden: O/U 5.5,Over,999,5.5,,6,,,,,True,36,23010.6,0.999,0.999,0.0971,0.0971,0,0,0,0,0,0,0,0,0,0,36,23010.6,已锁定结果类，可能依赖进球后盘口更新延迟，单独观察
locked_after_result,btts_yes_locked,180,2026-06-20,Netherlands vs. Sweden,5-1,4,Netherlands,Netherlands vs. Sweden: Both Teams to Score,Yes,999,,,,,,,,True,10,46496.41,0.999,0.999,0.0971,0.0971,0,0,0,0,0,0,0,0,0,0,10,46496.41,已锁定结果类，可能依赖进球后盘口更新延迟，单独观察
locked_after_result,btts_yes_locked,180,2026-06-20,Germany vs. Côte d'Ivoire,2-1,1,Germany,Germany vs. Côte d'Ivoire: Both Teams to Score,Yes,999,,,,,,,,True,17,1097.74,0.999,0.999,0.0971,0.0971,0,0,0,0,0,0,0,0,0,0,17,1097.74,已锁定结果类，可能依赖进球后盘口更新延迟，单独观察
locked_after_result,team_total_over_locked,180,2026-06-21,Tunisia vs. Japan,0-4,4,Japan,Tunisia vs. Japan: Japan O/U 2.5,Over,999,2.5,,,Japan,4,,,True,4,560.91,0.999,0.999,0.0971,0.0971,0,0,0,0,0,0,0,0,0,0,4,560.91,已锁定结果类，可能依赖进球后盘口更新延迟，单独观察
locked_after_result,total_over_locked,180,2026-06-21,Tunisia vs. Japan,0-4,4,Japan,Tunisia vs. Japan: O/U 3.5,Over,999,3.5,,4,,,,,True,7,1250.51,0.999,0.999,0.0971,0.0971,0,0,0,0,0,0,0,0,0,0,7,1250.51,已锁定结果类，可能依赖进球后盘口更新延迟，单独观察
locked_after_result,total_over_locked,180,2026-06-21,Spain vs. Saudi Arabia,4-0,4,Spain,Spain vs. Saudi Arabia: O/U 3.5,Over,999,3.5,,4,,,,,True,2,35.03,0.999,0.999,0.0971,0.0971,0,0,0,0,0,0,0,0,0,0,2,35.03,已锁定结果类，可能依赖进球后盘口更新延迟，单独观察
locked_after_result,team_total_over_locked,180,2026-06-21,Uruguay vs. Cabo Verde,2-2,0,,Uruguay vs. Cabo Verde: Cabo Verde O/U 1.5,Over,999,1.5,,,Cabo Verde,2,,,True,1,28.57,0.999,0.999,0.0971,0.0971,0,0,0,0,0,0,0,0,0,0,1,28.57,已锁定结果类，可能依赖进球后盘口更新延迟，单独观察
locked_after_result,total_over_locked,180,2026-06-21,Uruguay vs. Cabo Verde,2-2,0,,Uruguay vs. Cabo Verde: O/U 3.5,Over,999,3.5,,4,,,,,True,7,1828.53,0.999,0.999,0.0971,0.0971,0,0,0,0,0,0,0,0,0,0,7,1828.53,已锁定结果类，可能依赖进球后盘口更新延迟，单独观察
locked_after_result,btts_yes_locked,180,2026-06-21,Uruguay vs. Cabo Verde,2-2,0,,Uruguay vs. Cabo Verde: Both Teams to Score,Yes,999,,,,,,,,True,1,4.1,0.999,0.999,0.0971,0.0971,0,0,0,0,0,0,0,0,0,0,1,4.1,已锁定结果类，可能依赖进球后盘口更新延迟，单独观察
locked_after_result,team_total_over_locked,180,2026-06-22,New Zealand vs. Egypt,1-3,2,Egypt,New Zealand vs. Egypt: Egypt O/U 2.5,Over,999,2.5,,,Egypt,3,,,True,1,6.25,0.999,0.999,0.0971,0.0971,0,0,0,0,0,0,0,0,0,0,1,6.25,已锁定结果类，可能依赖进球后盘口更新延迟，单独观察
locked_after_result,total_over_locked,180,2026-06-22,New Zealand vs. Egypt,1-3,2,Egypt,New Zealand vs. Egypt: O/U 3.5,Over,999,3.5,,4,,,,,True,1,57.69,0.999,0.999,0.0971,0.0971,0,0,0,0,0,0,0,0,0,0,1,57.69,已锁定结果类，可能依赖进球后盘口更新延迟，单独观察
locked_after_result,btts_yes_locked,180,2026-06-22,New Zealand vs. Egypt,1-3,2,Egypt,New Zealand vs. Egypt: Both Teams to Score,Yes,999,,,,,,,,True,3,4927.49,0.999,0.999,0.0971,0.0971,0,0,0,0,0,0,0,0,0,0,3,4927.49,已锁定结果类，可能依赖进球后盘口更新延迟，单独观察
locked_after_result,team_total_over_locked,180,2026-06-12,Canada vs. Bosnia-Herzegovina,1-1,0,,Canada vs. Bosnia-Herzegovina: Bosnia-Herzegovina O/U 0.5,Over,999,0.5,,,Bosnia-Herzegovina,1,,,True,0,0,,,,,0,0,0,0,0,0,0,0,0,0,0,0,已锁定结果类，可能依赖进球后盘口更新延迟，单独观察
locked_after_result,total_over_locked,180,2026-06-12,Canada vs. Bosnia-Herzegovina,1-1,0,,Canada vs. Bosnia and Herzegovina: O/U 1.5,Over,999,1.5,,2,,,,,True,0,0,,,,,0,0,0,0,0,0,0,0,0,0,0,0,已锁定结果类，可能依赖进球后盘口更新延迟，单独观察
locked_after_result,team_total_over_locked,180,2026-06-13,Brazil vs. Morocco,1-1,0,,Brazil vs. Morocco: Brazil O/U 0.5,Over,999,0.5,,,Brazil,1,,,True,0,0,,,,,0,0,0,0,0,0,0,0,0,0,0,0,已锁定结果类，可能依赖进球后盘口更新延迟，单独观察
locked_after_result,team_total_over_locked,180,2026-06-14,Australia vs. Türkiye,2-0,2,Australia,Australia vs. Türkiye: Australia O/U 1.5,Over,999,1.5,,,Australia,2,,,True,0,0,,,,,0,0,0,0,0,0,0,0,0,0,0,0,已锁定结果类，可能依赖进球后盘口更新延迟，单独观察
locked_after_result,team_total_over_locked,180,2026-06-14,Germany vs. Curaçao,7-1,6,Germany,Germany vs. Curaçao: Curaçao O/U 0.5,Over,999,0.5,,,Curaçao,1,,,True,0,0,,,,,0,0,0,0,0,0,0,0,0,0,0,0,已锁定结果类，可能依赖进球后盘口更新延迟，单独观察
locked_after_result,team_total_over_locked,180,2026-06-15,Belgium vs. Egypt,1-1,0,,Belgium vs. Egypt: Egypt O/U 0.5,Over,999,0.5,,,Egypt,1,,,True,0,0,,,,,0,0,0,0,0,0,0,0,0,0,0,0,已锁定结果类，可能依赖进球后盘口更新延迟，单独观察
locked_after_result,team_total_over_locked,180,2026-06-15,Saudi Arabia vs. Uruguay,1-1,0,,Saudi Arabia vs. Uruguay: Uruguay O/U 0.5,Over,999,0.5,,,Uruguay,1,,,True,0,0,,,,,0,0,0,0,0,0,0,0,0,0,0,0,已锁定结果类，可能依赖进球后盘口更新延迟，单独观察
locked_after_result,team_total_over_locked,180,2026-06-16,Iraq vs. Norway,1-4,3,Norway,Iraq vs. Norway: Iraq O/U 0.5,Over,999,0.5,,,Iraq,1,,,True,0,0,,,,,0,0,0,0,0,0,0,0,0,0,0,0,已锁定结果类，可能依赖进球后盘口更新延迟，单独观察
locked_after_result,team_total_over_locked,180,2026-06-17,Portugal vs. DR Congo,1-1,0,,Portugal vs. DR Congo: Portugal O/U 0.5,Over,999,0.5,,,Portugal,1,,,True,0,0,,,,,0,0,0,0,0,0,0,0,0,0,0,0,已锁定结果类，可能依赖进球后盘口更新延迟，单独观察
locked_after_result,total_over_locked,180,2026-06-17,Portugal vs. DR Congo,1-1,0,,Portugal vs. DR Congo: O/U 1.5,Over,999,1.5,,2,,,,,True,0,0,,,,,0,0,0,0,0,0,0,0,0,0,0,0,已锁定结果类，可能依赖进球后盘口更新延迟，单独观察
locked_after_result,team_total_over_locked,180,2026-06-17,England vs. Croatia,4-2,2,England,England vs. Croatia: Croatia O/U 1.5,Over,999,1.5,,,Croatia,2,,,True,0,0,,,,,0,0,0,0,0,0,0,0,0,0,0,0,已锁定结果类，可能依赖进球后盘口更新延迟，单独观察
locked_after_result,team_total_over_locked,180,2026-06-18,Czechia vs. South Africa,1-1,0,,Czechia vs. South Africa: Czechia O/U 0.5,Over,999,0.5,,,Czechia,1,,,True,0,0,,,,,0,0,0,0,0,0,0,0,0,0,0,0,已锁定结果类，可能依赖进球后盘口更新延迟，单独观察
locked_after_result,team_total_over_locked,180,2026-06-19,Mexico vs. Korea Republic,1-0,1,Mexico,Mexico vs. Korea Republic: Mexico O/U 0.5,Over,999,0.5,,,Mexico,1,,,True,0,0,,,,,0,0,0,0,0,0,0,0,0,0,0,0,已锁定结果类，可能依赖进球后盘口更新延迟，单独观察
locked_after_result,total_over_locked,180,2026-06-19,Scotland vs. Morocco,0-1,1,Morocco,Scotland vs. Morocco: O/U 0.5,Over,999,0.5,,1,,,,,True,0,0,,,,,0,0,0,0,0,0,0,0,0,0,0,0,已锁定结果类，可能依赖进球后盘口更新延迟，单独观察
locked_after_result,team_total_over_locked,180,2026-06-19,Scotland vs. Morocco,0-1,1,Morocco,Scotland vs. Morocco: Morocco O/U 0.5,Over,999,0.5,,,Morocco,1,,,True,0,0,,,,,0,0,0,0,0,0,0,0,0,0,0,0,已锁定结果类，可能依赖进球后盘口更新延迟，单独观察
locked_after_result,total_over_locked,180,2026-06-20,Türkiye vs. Paraguay,0-1,1,Paraguay,Türkiye vs. Paraguay: O/U 0.5,Over,999,0.5,,1,,,,,True,0,0,,,,,0,0,0,0,0,0,0,0,0,0,0,0,已锁定结果类，可能依赖进球后盘口更新延迟，单独观察
locked_after_result,team_total_over_locked,180,2026-06-20,Türkiye vs. Paraguay,0-1,1,Paraguay,Türkiye vs. Paraguay: Paraguay O/U 0.5,Over,999,0.5,,,Paraguay,1,,,True,0,0,,,,,0,0,0,0,0,0,0,0,0,0,0,0,已锁定结果类，可能依赖进球后盘口更新延迟，单独观察
locked_after_result,team_total_over_locked,180,2026-06-21,Spain vs. Saudi Arabia,4-0,4,Spain,Spain vs. Saudi Arabia: Spain O/U 2.5,Over,999,2.5,,,Spain,4,,,True,0,0,,,,,0,0,0,0,0,0,0,0,0,0,0,0,已锁定结果类，可能依赖进球后盘口更新延迟，单独观察
loss_requires_2_goals,spread_tight_loss_ge2,180,2026-06-21,Ecuador vs. Curaçao,0-0,0,,Spread: Ecuador (-1.5),Curaçao,2,1.5,2,,,,,other_side,,12,10933.232029,0.85,0.999,17.1971,0.0971,6,727.192,6,727.192,7,777.192,7,777.192,7,777.192,12,10933.232029,让分方向复杂，需 live parser 确认 outcome 等价含义
loss_requires_2_goals,total_under_loss_ge2,180,2026-06-21,Ecuador vs. Curaçao,0-0,0,,Ecuador vs. Curaçao: O/U 1.5,Under,2,1.5,,0,,,,,,11,2197.31,0.95,0.999,5.1132,0.0971,1,864.8,2,908.8,3,958.8,9,2127.31,9,2127.31,11,2197.31,主线策略：当前总进球还需2球才输
loss_requires_2_goals,spread_tight_loss_ge2,180,2026-06-15,Sweden vs. Tunisia,5-1,4,Sweden,Spread: Sweden (-2.5),Sweden,2,-2.5,3,,,,,favorite_cover,,108,6409.427149,0.96,0.99,4.0467,0.9801,0,0,72,2085.974633,75,2382.134633,108,6409.427149,108,6409.427149,108,6409.427149,让分方向复杂，需 live parser 确认 outcome 等价含义
loss_requires_2_goals,team_total_under_loss_ge2,180,2026-06-20,Türkiye vs. Paraguay,0-1,1,Paraguay,Türkiye vs. Paraguay: Türkiye O/U 1.5,Under,2,1.5,,,Türkiye,0,,,,2,58.33,0.96,0.96,4.0467,4.0467,0,0,1,8.33,1,8.33,1,8.33,1,8.33,2,58.33,球队总进球 under，深度通常小于总进球 under
loss_requires_2_goals,spread_tight_loss_ge2,180,2026-06-16,Iraq vs. Norway,1-4,3,Norway,Spread: Norway (-1.5),Norway,2,-1.5,2,,,,,favorite_cover,,42,22958.889171,0.97,0.999,3.0028,0.0971,0,0,8,1742.25,15,3138.098162,39,17899.819171,39,17899.819171,42,22958.889171,让分方向复杂，需 live parser 确认 outcome 等价含义
loss_requires_2_goals,spread_tight_loss_ge2,180,2026-06-20,Brazil vs. Haiti,3-0,3,Brazil,Spread: Brazil (-4.5),Haiti,2,4.5,5,,,,,other_side,,10,658.0,0.981,0.999,1.8798,0.0971,0,0,0,0,0,0,4,279.33,5,284.33,10,658.0,让分方向复杂，需 live parser 确认 outcome 等价含义
loss_requires_2_goals,total_under_loss_ge2,180,2026-06-14,Germany vs. Curaçao,7-1,6,Germany,Germany vs. Curaçao: O/U 9.5,Under,2,9.5,,8,,,,,,6,3508.896295,0.981,0.999,1.8798,0.0971,0,0,0,0,0,0,1,10.09,1,10.09,6,3508.896295,主线策略：当前总进球还需2球才输
loss_requires_2_goals,draw_no_lead_ge2,180,2026-06-17,Austria vs. Jordan,3-1,2,Austria,Will Austria vs. Jordan end in a draw?,No,2,,,,,,,,,42,59129.176713,0.9870000007046698,0.999,1.2781,0.0971,0,0,0,0,0,0,10,6792.797827,25,10192.646713,42,59129.176713,领先2球以上时可用，最后3分钟肉通常不大
loss_requires_2_goals,leader_yes_lead_ge2,180,2026-06-17,Austria vs. Jordan,3-1,2,Austria,Will Austria win on 2026-06-17?,Yes,2,,,,,,,,,176,56265.965496,0.989,0.999,1.0792,0.0971,0,0,0,0,0,0,7,5275.91,29,17460.87,176,56265.965496,领先2球以上时可用，最后3分钟肉通常不大
loss_requires_2_goals,spread_tight_loss_ge2,180,2026-06-13,United States vs. Paraguay,4-1,3,United States,Spread: United States (-1.5),United States,2,-1.5,2,,,,,favorite_cover,,13,57280.27,0.99,0.99,0.9801,0.9801,0,0,0,0,0,0,13,57280.27,13,57280.27,13,57280.27,让分方向复杂，需 live parser 确认 outcome 等价含义
loss_requires_2_goals,total_under_loss_ge2,180,2026-06-15,Spain vs. Cabo Verde,0-0,0,,Spain vs. Cabo Verde: O/U 1.5,Under,2,1.5,,0,,,,,,24,33479.94,0.99,0.99,0.9801,0.9801,0,0,0,0,0,0,24,33479.94,24,33479.94,24,33479.94,主线策略：当前总进球还需2球才输
loss_requires_2_goals,draw_no_lead_ge2,180,2026-06-18,Uzbekistan vs. Colombia,1-3,2,Colombia,Will Uzbekistan vs. Colombia end in a draw?,No,2,,,,,,,,,39,45212.47,0.99,0.999,0.9801,0.0971,0,0,0,0,0,0,31,33047.41,31,33047.41,39,45212.47,领先2球以上时可用，最后3分钟肉通常不大
loss_requires_2_goals,spread_tight_loss_ge2,180,2026-06-14,Germany vs. Curaçao,7-1,6,Germany,Spread: Germany (-4.5),Germany,2,-4.5,5,,,,,favorite_cover,,6,3822.46,0.99,0.99,0.9801,0.9801,0,0,0,0,0,0,6,3822.46,6,3822.46,6,3822.46,让分方向复杂，需 live parser 确认 outcome 等价含义
loss_requires_2_goals,loser_no,180,2026-06-20,Germany vs. Côte d'Ivoire,2-1,1,Germany,Will Côte d'Ivoire win on 2026-06-20?,No,2,,,,,,Côte d'Ivoire,,,47,40237.12,0.99,0.999,0.9801,0.0971,0,0,0,0,0,0,10,2527.76,10,2527.76,47,40237.12,等价强队不输；最后3分钟通常已很贵
loss_requires_2_goals,leader_yes_lead_ge2,180,2026-06-18,Uzbekistan vs. Colombia,1-3,2,Colombia,Will Colombia win on 2026-06-17?,Yes,2,,,,,,,,,140,54007.35,0.99,0.999,0.9801,0.0971,0,0,0,0,0,0,3,2331.4,7,2406.4,140,54007.35,领先2球以上时可用，最后3分钟肉通常不大
loss_requires_2_goals,total_under_loss_ge2,180,2026-06-18,Canada vs. Qatar,6-0,6,Canada,Canada vs. Qatar: O/U 7.5,Under,2,7.5,,6,,,,,,25,6725.071555,0.99,0.999,0.9801,0.0971,0,0,0,0,0,0,5,1325.54,13,2592.731555,25,6725.071555,主线策略：当前总进球还需2球才输
loss_requires_2_goals,spread_tight_loss_ge2,180,2026-06-13,Brazil vs. Morocco,1-1,0,,Spread: Brazil (-1.5),Morocco,2,1.5,2,,,,,other_side,,6,1000.0,0.99,0.99,0.9801,0.9801,0,0,0,0,0,0,6,1000.0,6,1000.0,6,1000.0,让分方向复杂，需 live parser 确认 outcome 等价含义
loss_requires_2_goals,loser_no,180,2026-06-14,Côte d'Ivoire vs. Ecuador,1-0,1,Côte d'Ivoire,Will Ecuador win on 2026-06-14?,No,2,,,,,,Ecuador,,,22,19602.321,0.99,0.999,0.9801,0.0971,0,0,0,0,0,0,2,700.0,3,709.5,22,19602.321,等价强队不输；最后3分钟通常已很贵
loss_requires_2_goals,spread_tight_loss_ge2,180,2026-06-15,Spain vs. Cabo Verde,0-0,0,,Spread: Spain (-1.5),Cabo Verde,2,1.5,2,,,,,other_side,,9,662.23,0.99,0.99,0.9801,0.9801,0,0,0,0,0,0,9,662.23,9,662.23,9,662.23,让分方向复杂，需 live parser 确认 outcome 等价含义
loss_requires_2_goals,team_total_under_loss_ge2,180,2026-06-15,Spain vs. Cabo Verde,0-0,0,,Spain vs. Cabo Verde: Spain O/U 1.5,Under,2,1.5,,,Spain,0,,,,8,438.45,0.99,0.99,0.9801,0.9801,0,0,0,0,0,0,8,438.45,8,438.45,8,438.45,球队总进球 under，深度通常小于总进球 under
loss_requires_2_goals,total_under_loss_ge2,180,2026-06-17,Portugal vs. DR Congo,1-1,0,,Portugal vs. DR Congo: O/U 3.5,Under,2,3.5,,2,,,,,,6,1585.490666,0.99,0.999,0.9801,0.0971,0,0,0,0,0,0,2,348.19,2,348.19,6,1585.490666,主线策略：当前总进球还需2球才输
loss_requires_2_goals,spread_tight_loss_ge2,180,2026-06-17,Portugal vs. DR Congo,1-1,0,,Spread: Portugal (-1.5),DR Congo,2,1.5,2,,,,,other_side,,4,931.24,0.99,0.992,0.9801,0.7825,0,0,0,0,0,0,2,296.24,4,931.24,4,931.24,让分方向复杂，需 live parser 确认 outcome 等价含义
loss_requires_2_goals,total_under_loss_ge2,180,2026-06-16,IR Iran vs. New Zealand,2-2,0,,IR Iran vs. New Zealand: O/U 5.5,Under,2,5.5,,4,,,,,,8,6067.69,0.99,0.999,0.9801,0.0971,0,0,0,0,0,0,3,272.43,3,272.43,8,6067.69,主线策略：当前总进球还需2球才输
loss_requires_2_goals,total_under_loss_ge2,180,2026-06-14,Australia vs. Türkiye,2-0,2,Australia,Australia vs. Türkiye: O/U 3.5,Under,2,3.5,,2,,,,,,4,236.7,0.99,0.99,0.9801,0.9801,0,0,0,0,0,0,4,236.7,4,236.7,4,236.7,主线策略：当前总进球还需2球才输
loss_requires_2_goals,total_under_loss_ge2,180,2026-06-11,Mexico vs. South Africa,2-0,2,Mexico,Mexico vs. South Africa: O/U 3.5,Under,2,3.5,,2,,,,,,8,210.37,0.99,0.99,0.9801,0.9801,0,0,0,0,0,0,8,210.37,8,210.37,8,210.37,主线策略：当前总进球还需2球才输
loss_requires_2_goals,total_under_loss_ge2,180,2026-06-18,Czechia vs. South Africa,1-1,0,,Czechia vs. South Africa: O/U 3.5,Under,2,3.5,,2,,,,,,18,10402.856156,0.99,0.999,0.9801,0.0971,0,0,0,0,0,0,1,110.57,12,5911.701445,18,10402.856156,主线策略：当前总进球还需2球才输
loss_requires_2_goals,total_under_loss_ge2,180,2026-06-17,England vs. Croatia,4-2,2,England,England vs. Croatia: O/U 7.5,Under,2,7.5,,6,,,,,,10,2137.165,0.99,0.999,0.9801,0.0971,0,0,0,0,0,0,1,105.26,2,110.52,10,2137.165,主线策略：当前总进球还需2球才输
loss_requires_2_goals,total_under_loss_ge2,180,2026-06-13,Brazil vs. Morocco,1-1,0,,Brazil vs. Morocco: O/U 3.5,Under,2,3.5,,2,,,,,,5,97.82,0.99,0.99,0.9801,0.9801,0,0,0,0,0,0,5,97.82,5,97.82,5,97.82,主线策略：当前总进球还需2球才输
loss_requires_2_goals,total_under_loss_ge2,180,2026-06-15,Saudi Arabia vs. Uruguay,1-1,0,,Saudi Arabia vs. Uruguay: O/U 3.5,Under,2,3.5,,2,,,,,,4,3315.5,0.99,0.999,0.9801,0.0971,0,0,0,0,0,0,1,44.0,1,44.0,4,3315.5,主线策略：当前总进球还需2球才输
loss_requires_2_goals,spread_tight_loss_ge2,180,2026-06-15,Belgium vs. Egypt,1-1,0,,Spread: Belgium (-1.5),Egypt,2,1.5,2,,,,,other_side,,1,31.25,0.99,0.99,0.9801,0.9801,0,0,0,0,0,0,1,31.25,1,31.25,1,31.25,让分方向复杂，需 live parser 确认 outcome 等价含义
loss_requires_2_goals,team_total_under_loss_ge2,180,2026-06-18,Czechia vs. South Africa,1-1,0,,Czechia vs. South Africa: Czechia O/U 2.5,Under,2,2.5,,,Czechia,1,,,,3,97.22,0.99,0.999,0.9801,0.0971,0,0,0,0,0,0,2,20.55,2,20.55,3,97.22,球队总进球 under，深度通常小于总进球 under
loss_requires_2_goals,team_total_under_loss_ge2,180,2026-06-21,Belgium vs. IR Iran,0-0,0,,Belgium vs. IR Iran: IR Iran O/U 1.5,Under,2,1.5,,,IR Iran,0,,,,3,75.0,0.99,0.999,0.9801,0.0971,0,0,0,0,0,0,2,20.0,2,20.0,3,75.0,球队总进球 under，深度通常小于总进球 under
loss_requires_2_goals,team_total_under_loss_ge2,180,2026-06-21,Ecuador vs. Curaçao,0-0,0,,Ecuador vs. Curaçao: Ecuador O/U 1.5,Under,2,1.5,,,Ecuador,0,,,,3,66.06,0.99,0.999,0.9801,0.0971,0,0,0,0,0,0,1,10.0,1,10.0,3,66.06,球队总进球 under，深度通常小于总进球 under
loss_requires_2_goals,total_under_loss_ge2,180,2026-06-20,Brazil vs. Haiti,3-0,3,Brazil,Brazil vs. Haiti: O/U 4.5,Under,2,4.5,,3,,,,,,12,2328.79,0.99,0.999,0.9801,0.0971,0,0,0,0,0,0,2,8.0,5,968.55,12,2328.79,主线策略：当前总进球还需2球才输
loss_requires_2_goals,spread_tight_loss_ge2,180,2026-06-14,Netherlands vs. Japan,2-2,0,,Spread: Netherlands (-1.5),Japan,2,1.5,2,,,,,other_side,,1,2.63,0.99,0.99,0.9801,0.9801,0,0,0,0,0,0,1,2.63,1,2.63,1,2.63,让分方向复杂，需 live parser 确认 outcome 等价含义
loss_requires_2_goals,draw_no_lead_ge2,180,2026-06-11,Mexico vs. South Africa,2-0,2,Mexico,Will Mexico vs. South Africa end in a draw?,No,2,,,,,,,,,4,63.88,0.991,0.995,0.8812,0.4875,0,0,0,0,0,0,0,0,3,53.88,4,63.88,领先2球以上时可用，最后3分钟肉通常不大
loss_requires_2_goals,total_under_loss_ge2,180,2026-06-12,Canada vs. Bosnia-Herzegovina,1-1,0,,Canada vs. Bosnia and Herzegovina: O/U 3.5,Under,2,3.5,,2,,,,,,16,2252.69,0.991,0.999,0.8812,0.0971,0,0,0,0,0,0,0,0,3,130.73,16,2252.69,主线策略：当前总进球还需2球才输
loss_requires_2_goals,total_under_loss_ge2,180,2026-06-13,Qatar vs. Switzerland,1-1,0,,Qatar vs. Switzerland: O/U 3.5,Under,2,3.5,,2,,,,,,7,258.54,0.991,0.999,0.8812,0.0971,0,0,0,0,0,0,0,0,5,174.65,7,258.54,主线策略：当前总进球还需2球才输
loss_requires_2_goals,spread_tight_loss_ge2,180,2026-06-18,Czechia vs. South Africa,1-1,0,,Spread: Czechia (-1.5),South Africa,2,1.5,2,,,,,other_side,,8,3403.46711,0.991,0.999,0.8812,0.0971,0,0,0,0,0,0,0,0,4,162.60111,8,3403.46711,让分方向复杂，需 live parser 确认 outcome 等价含义
loss_requires_2_goals,team_total_under_loss_ge2,180,2026-06-19,Scotland vs. Morocco,0-1,1,Morocco,Scotland vs. Morocco: Scotland O/U 1.5,Under,2,1.5,,,Scotland,0,,,,2,119.04,0.991,0.999,0.8812,0.0971,0,0,0,0,0,0,0,0,1,114.04,2,119.04,球队总进球 under，深度通常小于总进球 under
loss_requires_2_goals,spread_tight_loss_ge2,180,2026-06-21,Spain vs. Saudi Arabia,4-0,4,Spain,Spread: Spain (-5.5),Saudi Arabia,2,5.5,6,,,,,other_side,,3,354.192,0.991,0.9985500204293303,0.8812,0.1409,0,0,0,0,0,0,0,0,1,25.0,3,354.192,让分方向复杂，需 live parser 确认 outcome 等价含义
loss_requires_2_goals,total_under_loss_ge2,180,2026-06-21,Spain vs. Saudi Arabia,4-0,4,Spain,Spain vs. Saudi Arabia: O/U 5.5,Under,2,5.5,,4,,,,,,47,22171.614015,0.991,0.999,0.8812,0.0971,0,0,0,0,0,0,0,0,13,2559.01,47,22171.614015,主线策略：当前总进球还需2球才输
loss_requires_2_goals,spread_tight_loss_ge2,180,2026-06-18,Switzerland vs. Bosnia-Herzegovina,4-1,3,Switzerland,Spread: Switzerland (-4.5),Bosnia-Herzegovina,2,4.5,5,,,,,other_side,,6,8024.22711,0.991000000891,0.999,0.8812,0.0971,0,0,0,0,0,0,0,0,2,2133.22711,6,8024.22711,让分方向复杂，需 live parser 确认 outcome 等价含义
loss_requires_2_goals,spread_tight_loss_ge2,180,2026-06-17,Argentina vs. Algeria,3-0,3,Argentina,Spread: Argentina (-1.5),Argentina,2,-1.5,2,,,,,favorite_cover,,31,1625.78,0.992,0.999,0.7825,0.0971,0,0,0,0,0,0,0,0,5,282.08,31,1625.78,让分方向复杂，需 live parser 确认 outcome 等价含义
loss_requires_2_goals,spread_tight_loss_ge2,180,2026-06-21,Belgium vs. IR Iran,0-0,0,,Spread: Belgium (-1.5),IR Iran,2,1.5,2,,,,,other_side,,7,7608.89,0.992,0.999,0.7825,0.0971,0,0,0,0,0,0,0,0,3,4703.81,7,7608.89,让分方向复杂，需 live parser 确认 outcome 等价含义
loss_requires_2_goals,total_under_loss_ge2,180,2026-06-22,New Zealand vs. Egypt,1-3,2,Egypt,New Zealand vs. Egypt: O/U 5.5,Under,2,5.5,,4,,,,,,13,13790.98,0.992,0.999,0.7825,0.0971,0,0,0,0,0,0,0,0,2,5.31,13,13790.98,主线策略：当前总进球还需2球才输
loss_requires_2_goals,total_under_loss_ge2,180,2026-06-21,Belgium vs. IR Iran,0-0,0,,Belgium vs. IR Iran: O/U 1.5,Under,2,1.5,,0,,,,,,11,602.91,0.994,0.999,0.5856,0.0971,0,0,0,0,0,0,0,0,4,250.83,11,602.91,主线策略：当前总进球还需2球才输
loss_requires_2_goals,total_under_loss_ge2,180,2026-06-21,Uruguay vs. Cabo Verde,2-2,0,,Uruguay vs. Cabo Verde: O/U 5.5,Under,2,5.5,,4,,,,,,12,5992.565,0.995,0.999,0.4875,0.0971,0,0,0,0,0,0,0,0,1,3.61,12,5992.565,主线策略：当前总进球还需2球才输
loss_requires_2_goals,total_under_loss_ge2,180,2026-06-14,Netherlands vs. Japan,2-2,0,,Netherlands vs. Japan: O/U 5.5,Under,2,5.5,,4,,,,,,7,3259.605862,0.9959999952604137,0.999,0.3896,0.0971,0,0,0,0,0,0,0,0,0,0,7,3259.605862,主线策略：当前总进球还需2球才输
loss_requires_2_goals,spread_tight_loss_ge2,180,2026-06-14,Haiti vs. Scotland,0-1,1,Scotland,Spread: Scotland (-2.5),Haiti,2,2.5,3,,,,,other_side,,2,254.79,0.997,0.999,0.2919,0.0971,0,0,0,0,0,0,0,0,0,0,2,254.79,让分方向复杂，需 live parser 确认 outcome 等价含义
loss_requires_2_goals,spread_tight_loss_ge2,180,2026-06-12,Canada vs. Bosnia-Herzegovina,1-1,0,,Spread: Canada (-1.5),Bosnia and Herzegovina,2,1.5,2,,,,,other_side,,4,317.6,0.998,0.999,0.1944,0.0971,0,0,0,0,0,0,0,0,0,0,4,317.6,让分方向复杂，需 live parser 确认 outcome 等价含义
loss_requires_2_goals,leader_yes_lead_ge2,180,2026-06-17,England vs. Croatia,4-2,2,England,Will England win on 2026-06-17?,Yes,2,,,,,,,,,139,48875.41,0.998,0.999,0.1944,0.0971,0,0,0,0,0,0,0,0,0,0,139,48875.41,领先2球以上时可用，最后3分钟肉通常不大
loss_requires_2_goals,loser_no,180,2026-06-19,Mexico vs. Korea Republic,1-0,1,Mexico,Will Korea Republic win on 2026-06-18?,No,2,,,,,,Korea Republic,,,35,529421.417,0.998,0.999,0.1944,0.0971,0,0,0,0,0,0,0,0,0,0,35,529421.417,等价强队不输；最后3分钟通常已很贵
loss_requires_2_goals,total_under_loss_ge2,180,2026-06-21,Tunisia vs. Japan,0-4,4,Japan,Tunisia vs. Japan: O/U 5.5,Under,2,5.5,,4,,,,,,9,3970.447,0.998,0.999,0.1944,0.0971,0,0,0,0,0,0,0,0,0,0,9,3970.447,主线策略：当前总进球还需2球才输
loss_requires_2_goals,spread_tight_loss_ge2,180,2026-06-21,Uruguay vs. Cabo Verde,2-2,0,,Spread: Uruguay (-1.5),Cabo Verde,2,1.5,2,,,,,other_side,,14,3419.51,0.998,0.999,0.1944,0.0971,0,0,0,0,0,0,0,0,0,0,14,3419.51,让分方向复杂，需 live parser 确认 outcome 等价含义
loss_requires_2_goals,total_under_loss_ge2,180,2026-06-12,Korea Republic vs. Czechia,2-1,1,Korea Republic,Korea Republic vs. Czechia: O/U 4.5,Under,2,4.5,,3,,,,,,6,405.815204,0.9989998470761184,0.999,0.0971,0.0971,0,0,0,0,0,0,0,0,0,0,6,405.815204,主线策略：当前总进球还需2球才输
loss_requires_2_goals,total_under_loss_ge2,180,2026-06-19,Mexico vs. Korea Republic,1-0,1,Mexico,Mexico vs. Korea Republic: O/U 2.5,Under,2,2.5,,1,,,,,,5,543.460249,0.998999996999004,0.999,0.0971,0.0971,0,0,0,0,0,0,0,0,0,0,5,543.460249,主线策略：当前总进球还需2球才输
loss_requires_2_goals,team_total_under_loss_ge2,180,2026-06-12,Korea Republic vs. Czechia,2-1,1,Korea Republic,Korea Republic vs. Czechia: Czechia O/U 2.5,Under,2,2.5,,,Czechia,1,,,,1,108.908,0.999,0.999,0.0971,0.0971,0,0,0,0,0,0,0,0,0,0,1,108.908,球队总进球 under，深度通常小于总进球 under
loss_requires_2_goals,team_total_under_loss_ge2,180,2026-06-13,United States vs. Paraguay,4-1,3,United States,United States vs. Paraguay: Paraguay O/U 2.5,Under,2,2.5,,,Paraguay,1,,,,6,2292.96,0.999,0.999,0.0971,0.0971,0,0,0,0,0,0,0,0,0,0,6,2292.96,球队总进球 under，深度通常小于总进球 under
loss_requires_2_goals,loser_no,180,2026-06-12,Korea Republic vs. Czechia,2-1,1,Korea Republic,Will Czechia win on 2026-06-11?,No,2,,,,,,Czechia,,,9,32146.86,0.999,0.999,0.0971,0.0971,0,0,0,0,0,0,0,0,0,0,9,32146.86,等价强队不输；最后3分钟通常已很贵
loss_requires_2_goals,team_total_under_loss_ge2,180,2026-06-13,Brazil vs. Morocco,1-1,0,,Brazil vs. Morocco: Morocco O/U 2.5,Under,2,2.5,,,Morocco,1,,,,10,418.0,0.999,0.999,0.0971,0.0971,0,0,0,0,0,0,0,0,0,0,10,418.0,球队总进球 under，深度通常小于总进球 under
loss_requires_2_goals,loser_no,180,2026-06-14,Haiti vs. Scotland,0-1,1,Scotland,Will Haiti win on 2026-06-13?,No,2,,,,,,Haiti,,,17,53493.95,0.999,0.999,0.0971,0.0971,0,0,0,0,0,0,0,0,0,0,17,53493.95,等价强队不输；最后3分钟通常已很贵
loss_requires_2_goals,leader_yes_lead_ge2,180,2026-06-14,Australia vs. Türkiye,2-0,2,Australia,Will Australia win on 2026-06-14?,Yes,2,,,,,,,,,103,32523.83,0.999,0.999,0.0971,0.0971,0,0,0,0,0,0,0,0,0,0,103,32523.83,领先2球以上时可用，最后3分钟肉通常不大
loss_requires_2_goals,draw_no_lead_ge2,180,2026-06-14,Australia vs. Türkiye,2-0,2,Australia,Will Australia vs. Türkiye end in a draw?,No,2,,,,,,,,,7,11525.91,0.999,0.999,0.0971,0.0971,0,0,0,0,0,0,0,0,0,0,7,11525.91,领先2球以上时可用，最后3分钟肉通常不大
loss_requires_2_goals,spread_tight_loss_ge2,180,2026-06-14,Australia vs. Türkiye,2-0,2,Australia,Spread: Türkiye (-1.5),Australia,4,1.5,2,,,,,other_side,,2,24.7,0.999,0.999,0.0971,0.0971,0,0,0,0,0,0,0,0,0,0,2,24.7,让分方向复杂，需 live parser 确认 outcome 等价含义
loss_requires_2_goals,team_total_under_loss_ge2,180,2026-06-14,Germany vs. Curaçao,7-1,6,Germany,Germany vs. Curaçao: Curaçao O/U 2.5,Under,2,2.5,,,Curaçao,1,,,,1,8.04,0.999,0.999,0.0971,0.0971,0,0,0,0,0,0,0,0,0,0,1,8.04,球队总进球 under，深度通常小于总进球 under
loss_requires_2_goals,loser_no,180,2026-06-14,Germany vs. Curaçao,7-1,6,Germany,Will Curaçao win on 2026-06-14?,No,7,,,,,,Curaçao,,,4,11931.0,0.999,0.999,0.0971,0.0971,0,0,0,0,0,0,0,0,0,0,4,11931.0,等价强队不输；最后3分钟通常已很贵
loss_requires_2_goals,leader_yes_lead_ge2,180,2026-06-14,Germany vs. Curaçao,7-1,6,Germany,Will Germany win on 2026-06-14?,Yes,6,,,,,,,,,19,34426.08,0.999,0.999,0.0971,0.0971,0,0,0,0,0,0,0,0,0,0,19,34426.08,领先2球以上时可用，最后3分钟肉通常不大
loss_requires_2_goals,total_under_loss_ge2,180,2026-06-14,Côte d'Ivoire vs. Ecuador,1-0,1,Côte d'Ivoire,Côte d'Ivoire vs. Ecuador: O/U 2.5,Under,2,2.5,,1,,,,,,3,144.47,0.999,0.999,0.0971,0.0971,0,0,0,0,0,0,0,0,0,0,3,144.47,主线策略：当前总进球还需2球才输
loss_requires_2_goals,team_total_under_loss_ge2,180,2026-06-15,Sweden vs. Tunisia,5-1,4,Sweden,Sweden vs. Tunisia: Tunisia O/U 2.5,Under,2,2.5,,,Tunisia,1,,,,1,4.45,0.999,0.999,0.0971,0.0971,0,0,0,0,0,0,0,0,0,0,1,4.45,球队总进球 under，深度通常小于总进球 under
loss_requires_2_goals,draw_no_lead_ge2,180,2026-06-15,Sweden vs. Tunisia,5-1,4,Sweden,Will Sweden vs. Tunisia end in a draw?,No,4,,,,,,,,,6,308.27,0.999,0.999,0.0971,0.0971,0,0,0,0,0,0,0,0,0,0,6,308.27,领先2球以上时可用，最后3分钟肉通常不大
loss_requires_2_goals,loser_no,180,2026-06-15,Sweden vs. Tunisia,5-1,4,Sweden,Will Tunisia win on 2026-06-14?,No,5,,,,,,Tunisia,,,3,1007.39,0.999,0.999,0.0971,0.0971,0,0,0,0,0,0,0,0,0,0,3,1007.39,等价强队不输；最后3分钟通常已很贵
loss_requires_2_goals,leader_yes_lead_ge2,180,2026-06-15,Sweden vs. Tunisia,5-1,4,Sweden,Will Sweden win on 2026-06-14?,Yes,4,,,,,,,,,95,56665.18,0.999,0.999,0.0971,0.0971,0,0,0,0,0,0,0,0,0,0,95,56665.18,领先2球以上时可用，最后3分钟肉通常不大
loss_requires_2_goals,team_total_under_loss_ge2,180,2026-06-15,Saudi Arabia vs. Uruguay,1-1,0,,Saudi Arabia vs. Uruguay: Saudi Arabia O/U 2.5,Under,2,2.5,,,Saudi Arabia,1,,,,1,107.0,0.999,0.999,0.0971,0.0971,0,0,0,0,0,0,0,0,0,0,1,107.0,球队总进球 under，深度通常小于总进球 under
loss_requires_2_goals,loser_no,180,2026-06-16,France vs. Senegal,3-1,2,France,Will Senegal win on 2026-06-16?,No,3,,,,,,Senegal,,,14,30010.52,0.999,0.999,0.0971,0.0971,0,0,0,0,0,0,0,0,0,0,14,30010.52,等价强队不输；最后3分钟通常已很贵
loss_requires_2_goals,total_under_loss_ge2,180,2026-06-16,France vs. Senegal,3-1,2,France,France vs. Senegal: O/U 5.5,Under,2,5.5,,4,,,,,,1,1000.0,0.999,0.999,0.0971,0.0971,0,0,0,0,0,0,0,0,0,0,1,1000.0,主线策略：当前总进球还需2球才输
loss_requires_2_goals,draw_no_lead_ge2,180,2026-06-16,France vs. Senegal,3-1,2,France,Will France vs. Senegal end in a draw?,No,2,,,,,,,,,8,26643.67,0.999,0.999,0.0971,0.0971,0,0,0,0,0,0,0,0,0,0,8,26643.67,领先2球以上时可用，最后3分钟肉通常不大
loss_requires_2_goals,leader_yes_lead_ge2,180,2026-06-16,France vs. Senegal,3-1,2,France,Will France win on 2026-06-16?,Yes,2,,,,,,,,,180,55286.94,0.999,0.999,0.0971,0.0971,0,0,0,0,0,0,0,0,0,0,180,55286.94,领先2球以上时可用，最后3分钟肉通常不大
loss_requires_2_goals,total_under_loss_ge2,180,2026-06-16,Iraq vs. Norway,1-4,3,Norway,Iraq vs. Norway: O/U 6.5,Under,2,6.5,,5,,,,,,4,1119.73,0.999,0.999,0.0971,0.0971,0,0,0,0,0,0,0,0,0,0,4,1119.73,主线策略：当前总进球还需2球才输
loss_requires_2_goals,loser_no,180,2026-06-16,Iraq vs. Norway,1-4,3,Norway,Will Iraq win on 2026-06-16?,No,4,,,,,,Iraq,,,5,853.59,0.999,0.999,0.0971,0.0971,0,0,0,0,0,0,0,0,0,0,5,853.59,等价强队不输；最后3分钟通常已很贵
loss_requires_2_goals,leader_yes_lead_ge2,180,2026-06-16,Iraq vs. Norway,1-4,3,Norway,Will Norway win on 2026-06-16?,Yes,3,,,,,,,,,37,11049.22,0.999,0.999,0.0971,0.0971,0,0,0,0,0,0,0,0,0,0,37,11049.22,领先2球以上时可用，最后3分钟肉通常不大
loss_requires_2_goals,draw_no_lead_ge2,180,2026-06-17,Argentina vs. Algeria,3-0,3,Argentina,Will Argentina vs. Algeria end in a draw?,No,3,,,,,,,,,1,10.0,0.999,0.999,0.0971,0.0971,0,0,0,0,0,0,0,0,0,0,1,10.0,领先2球以上时可用，最后3分钟肉通常不大
loss_requires_2_goals,total_under_loss_ge2,180,2026-06-17,Argentina vs. Algeria,3-0,3,Argentina,Argentina vs. Algeria: O/U 4.5,Under,2,4.5,,3,,,,,,3,3721.28,0.999,0.999,0.0971,0.0971,0,0,0,0,0,0,0,0,0,0,3,3721.28,主线策略：当前总进球还需2球才输
loss_requires_2_goals,team_total_under_loss_ge2,180,2026-06-17,Argentina vs. Algeria,3-0,3,Argentina,Argentina vs. Algeria: Algeria O/U 1.5,Under,2,1.5,,,Algeria,0,,,,1,107.98,0.999,0.999,0.0971,0.0971,0,0,0,0,0,0,0,0,0,0,1,107.98,球队总进球 under，深度通常小于总进球 under
loss_requires_2_goals,loser_no,180,2026-06-17,Argentina vs. Algeria,3-0,3,Argentina,Will Algeria win on 2026-06-16?,No,4,,,,,,Algeria,,,1,208.9,0.999,0.999,0.0971,0.0971,0,0,0,0,0,0,0,0,0,0,1,208.9,等价强队不输；最后3分钟通常已很贵
loss_requires_2_goals,leader_yes_lead_ge2,180,2026-06-17,Argentina vs. Algeria,3-0,3,Argentina,Will Argentina win on 2026-06-16?,Yes,3,,,,,,,,,116,1121065.94,0.999,0.999,0.0971,0.0971,0,0,0,0,0,0,0,0,0,0,116,1121065.94,领先2球以上时可用，最后3分钟肉通常不大
loss_requires_2_goals,spread_tight_loss_ge2,180,2026-06-17,Austria vs. Jordan,3-1,2,Austria,Spread: Austria (-3.5),Jordan,2,3.5,4,,,,,other_side,,1,20.0,0.999,0.999,0.0971,0.0971,0,0,0,0,0,0,0,0,0,0,1,20.0,让分方向复杂，需 live parser 确认 outcome 等价含义
loss_requires_2_goals,total_under_loss_ge2,180,2026-06-17,Austria vs. Jordan,3-1,2,Austria,Austria vs. Jordan: O/U 5.5,Under,2,5.5,,4,,,,,,1,24.2,0.999,0.999,0.0971,0.0971,0,0,0,0,0,0,0,0,0,0,1,24.2,主线策略：当前总进球还需2球才输
loss_requires_2_goals,team_total_under_loss_ge2,180,2026-06-17,Austria vs. Jordan,3-1,2,Austria,Austria vs. Jordan: Jordan O/U 2.5,Under,2,2.5,,,Jordan,1,,,,5,271.27,0.999,0.999,0.0971,0.0971,0,0,0,0,0,0,0,0,0,0,5,271.27,球队总进球 under，深度通常小于总进球 under
loss_requires_2_goals,loser_no,180,2026-06-17,Austria vs. Jordan,3-1,2,Austria,Will Jordan win on 2026-06-17?,No,3,,,,,,Jordan,,,8,1729.02,0.999,0.999,0.0971,0.0971,0,0,0,0,0,0,0,0,0,0,8,1729.02,等价强队不输；最后3分钟通常已很贵
loss_requires_2_goals,spread_tight_loss_ge2,180,2026-06-17,England vs. Croatia,4-2,2,England,Spread: England (-3.5),Croatia,2,3.5,4,,,,,other_side,,2,82.577,0.999,0.999,0.0971,0.0971,0,0,0,0,0,0,0,0,0,0,2,82.577,让分方向复杂，需 live parser 确认 outcome 等价含义
loss_requires_2_goals,loser_no,180,2026-06-17,England vs. Croatia,4-2,2,England,Will Croatia win on 2026-06-17?,No,3,,,,,,Croatia,,,7,2342.01,0.999,0.999,0.0971,0.0971,0,0,0,0,0,0,0,0,0,0,7,2342.01,等价强队不输；最后3分钟通常已很贵
loss_requires_2_goals,draw_no_lead_ge2,180,2026-06-17,England vs. Croatia,4-2,2,England,Will England vs. Croatia end in a draw?,No,2,,,,,,,,,8,52043.33,0.999,0.999,0.0971,0.0971,0,0,0,0,0,0,0,0,0,0,8,52043.33,领先2球以上时可用，最后3分钟肉通常不大
loss_requires_2_goals,total_under_loss_ge2,180,2026-06-17,Ghana vs. Panama,1-0,1,Ghana,Ghana vs. Panama: O/U 2.5,Under,2,2.5,,1,,,,,,9,1379.57,0.999,0.999,0.0971,0.0971,0,0,0,0,0,0,0,0,0,0,9,1379.57,主线策略：当前总进球还需2球才输
loss_requires_2_goals,loser_no,180,2026-06-17,Ghana vs. Panama,1-0,1,Ghana,Will Panama win on 2026-06-17?,No,2,,,,,,Panama,,,9,5070.3,0.999,0.999,0.0971,0.0971,0,0,0,0,0,0,0,0,0,0,9,5070.3,等价强队不输；最后3分钟通常已很贵
loss_requires_2_goals,loser_no,180,2026-06-18,Uzbekistan vs. Colombia,1-3,2,Colombia,Will Uzbekistan win on 2026-06-17?,No,3,,,,,,Uzbekistan,,,11,5594.71,0.999,0.999,0.0971,0.0971,0,0,0,0,0,0,0,0,0,0,11,5594.71,等价强队不输；最后3分钟通常已很贵
loss_requires_2_goals,total_under_loss_ge2,180,2026-06-18,Uzbekistan vs. Colombia,1-3,2,Colombia,Uzbekistan vs. Colombia: O/U 5.5,Under,2,5.5,,4,,,,,,3,69.08,0.999,0.999,0.0971,0.0971,0,0,0,0,0,0,0,0,0,0,3,69.08,主线策略：当前总进球还需2球才输
loss_requires_2_goals,draw_no_lead_ge2,180,2026-06-18,Switzerland vs. Bosnia-Herzegovina,4-1,3,Switzerland,Will Switzerland vs. Bosnia and Herzegovina end in a draw?,No,3,,,,,,,,,4,2318.77,0.999,0.999,0.0971,0.0971,0,0,0,0,0,0,0,0,0,0,4,2318.77,领先2球以上时可用，最后3分钟肉通常不大
loss_requires_2_goals,leader_yes_lead_ge2,180,2026-06-18,Switzerland vs. Bosnia-Herzegovina,4-1,3,Switzerland,Will Switzerland win on 2026-06-18?,Yes,3,,,,,,,,,74,15779.93,0.999,0.999,0.0971,0.0971,0,0,0,0,0,0,0,0,0,0,74,15779.93,领先2球以上时可用，最后3分钟肉通常不大
loss_requires_2_goals,spread_tight_loss_ge2,180,2026-06-18,Canada vs. Qatar,6-0,6,Canada,Spread: Canada (-4.5),Canada,2,-4.5,5,,,,,favorite_cover,,2,27.66,0.999,0.999,0.0971,0.0971,0,0,0,0,0,0,0,0,0,0,2,27.66,让分方向复杂，需 live parser 确认 outcome 等价含义
loss_requires_2_goals,spread_tight_loss_ge2,180,2026-06-19,Mexico vs. Korea Republic,1-0,1,Mexico,Spread: Mexico (-2.5),Korea Republic,2,2.5,3,,,,,other_side,,1,59.2,0.999,0.999,0.0971,0.0971,0,0,0,0,0,0,0,0,0,0,1,59.2,让分方向复杂，需 live parser 确认 outcome 等价含义
loss_requires_2_goals,loser_no,180,2026-06-18,Canada vs. Qatar,6-0,6,Canada,Will Qatar win on 2026-06-18?,No,7,,,,,,Qatar,,,2,42.3,0.999,0.999,0.0971,0.0971,0,0,0,0,0,0,0,0,0,0,2,42.3,等价强队不输；最后3分钟通常已很贵
loss_requires_2_goals,leader_yes_lead_ge2,180,2026-06-18,Canada vs. Qatar,6-0,6,Canada,Will Canada win on 2026-06-18?,Yes,6,,,,,,,,,6,206.81,0.999,0.999,0.0971,0.0971,0,0,0,0,0,0,0,0,0,0,6,206.81,领先2球以上时可用，最后3分钟肉通常不大
loss_requires_2_goals,team_total_under_loss_ge2,180,2026-06-19,Mexico vs. Korea Republic,1-0,1,Mexico,Mexico vs. Korea Republic: Korea Republic O/U 1.5,Under,2,1.5,,,Korea Republic,0,,,,1,97.99,0.999,0.999,0.0971,0.0971,0,0,0,0,0,0,0,0,0,0,1,97.99,球队总进球 under，深度通常小于总进球 under
loss_requires_2_goals,spread_tight_loss_ge2,180,2026-06-19,United States vs. Australia,2-0,2,United States,Spread: United States (-3.5),Australia,2,3.5,4,,,,,other_side,,1,13.0,0.999,0.999,0.0971,0.0971,0,0,0,0,0,0,0,0,0,0,1,13.0,让分方向复杂，需 live parser 确认 outcome 等价含义
loss_requires_2_goals,draw_no_lead_ge2,180,2026-06-19,United States vs. Australia,2-0,2,United States,Will United States vs. Australia end in a draw?,No,2,,,,,,,,,3,2000.0,0.999,0.999,0.0971,0.0971,0,0,0,0,0,0,0,0,0,0,3,2000.0,领先2球以上时可用，最后3分钟肉通常不大
loss_requires_2_goals,loser_no,180,2026-06-19,United States vs. Australia,2-0,2,United States,Will Australia win on 2026-06-19?,No,3,,,,,,Australia,,,4,4427.79,0.999,0.999,0.0971,0.0971,0,0,0,0,0,0,0,0,0,0,4,4427.79,等价强队不输；最后3分钟通常已很贵
loss_requires_2_goals,team_total_under_loss_ge2,180,2026-06-19,United States vs. Australia,2-0,2,United States,United States vs. Australia: Australia O/U 1.5,Under,2,1.5,,,Australia,0,,,,1,82.082,0.999,0.999,0.0971,0.0971,0,0,0,0,0,0,0,0,0,0,1,82.082,球队总进球 under，深度通常小于总进球 under
loss_requires_2_goals,leader_yes_lead_ge2,180,2026-06-19,United States vs. Australia,2-0,2,United States,Will United States win on 2026-06-19?,Yes,2,,,,,,,,,98,75340.25,0.999,0.999,0.0971,0.0971,0,0,0,0,0,0,0,0,0,0,98,75340.25,领先2球以上时可用，最后3分钟肉通常不大
loss_requires_2_goals,total_under_loss_ge2,180,2026-06-19,United States vs. Australia,2-0,2,United States,United States vs. Australia: O/U 3.5,Under,2,3.5,,2,,,,,,6,9006.55,0.999,0.999,0.0971,0.0971,0,0,0,0,0,0,0,0,0,0,6,9006.55,主线策略：当前总进球还需2球才输
loss_requires_2_goals,spread_tight_loss_ge2,180,2026-06-19,Scotland vs. Morocco,0-1,1,Morocco,Spread: Morocco (-2.5),Scotland,2,2.5,3,,,,,other_side,,3,19.62,0.999,0.999,0.0971,0.0971,0,0,0,0,0,0,0,0,0,0,3,19.62,让分方向复杂，需 live parser 确认 outcome 等价含义
loss_requires_2_goals,loser_no,180,2026-06-19,Scotland vs. Morocco,0-1,1,Morocco,Will Scotland win on 2026-06-19?,No,2,,,,,,Scotland,,,31,187598.19,0.999,0.999,0.0971,0.0971,0,0,0,0,0,0,0,0,0,0,31,187598.19,等价强队不输；最后3分钟通常已很贵
loss_requires_2_goals,total_under_loss_ge2,180,2026-06-19,Scotland vs. Morocco,0-1,1,Morocco,Scotland vs. Morocco: O/U 2.5,Under,2,2.5,,1,,,,,,10,1481.49,0.999,0.999,0.0971,0.0971,0,0,0,0,0,0,0,0,0,0,10,1481.49,主线策略：当前总进球还需2球才输
loss_requires_2_goals,leader_yes_lead_ge2,180,2026-06-20,Brazil vs. Haiti,3-0,3,Brazil,Will Brazil win on 2026-06-19?,Yes,3,,,,,,,,,17,16873.87,0.999,0.999,0.0971,0.0971,0,0,0,0,0,0,0,0,0,0,17,16873.87,领先2球以上时可用，最后3分钟肉通常不大
loss_requires_2_goals,spread_tight_loss_ge2,180,2026-06-20,Türkiye vs. Paraguay,0-1,1,Paraguay,Spread: Paraguay (-2.5),Türkiye,2,2.5,3,,,,,other_side,,1,400.0,0.999,0.999,0.0971,0.0971,0,0,0,0,0,0,0,0,0,0,1,400.0,让分方向复杂，需 live parser 确认 outcome 等价含义
loss_requires_2_goals,loser_no,180,2026-06-20,Türkiye vs. Paraguay,0-1,1,Paraguay,Will Türkiye win on 2026-06-19?,No,2,,,,,,Türkiye,,,39,62729.37,0.999,0.999,0.0971,0.0971,0,0,0,0,0,0,0,0,0,0,39,62729.37,等价强队不输；最后3分钟通常已很贵
loss_requires_2_goals,total_under_loss_ge2,180,2026-06-20,Türkiye vs. Paraguay,0-1,1,Paraguay,Türkiye vs. Paraguay: O/U 2.5,Under,2,2.5,,1,,,,,,12,3431.39,0.999,0.999,0.0971,0.0971,0,0,0,0,0,0,0,0,0,0,12,3431.39,主线策略：当前总进球还需2球才输
loss_requires_2_goals,total_under_loss_ge2,180,2026-06-20,Netherlands vs. Sweden,5-1,4,Netherlands,Netherlands vs. Sweden: O/U 7.5,Under,2,7.5,,6,,,,,,3,21467.96,0.999,0.999,0.0971,0.0971,0,0,0,0,0,0,0,0,0,0,3,21467.96,主线策略：当前总进球还需2球才输
loss_requires_2_goals,spread_tight_loss_ge2,180,2026-06-20,Netherlands vs. Sweden,5-1,4,Netherlands,Spread: Netherlands (-5.5),Sweden,2,5.5,6,,,,,other_side,,1,12.89,0.999,0.999,0.0971,0.0971,0,0,0,0,0,0,0,0,0,0,1,12.89,让分方向复杂，需 live parser 确认 outcome 等价含义
loss_requires_2_goals,team_total_under_loss_ge2,180,2026-06-20,Netherlands vs. Sweden,5-1,4,Netherlands,Netherlands vs. Sweden: Sweden O/U 2.5,Under,2,2.5,,,Sweden,1,,,,2,103.58,0.999,0.999,0.0971,0.0971,0,0,0,0,0,0,0,0,0,0,2,103.58,球队总进球 under，深度通常小于总进球 under
loss_requires_2_goals,loser_no,180,2026-06-20,Netherlands vs. Sweden,5-1,4,Netherlands,Will Sweden win on 2026-06-20?,No,5,,,,,,Sweden,,,2,201.81,0.999,0.999,0.0971,0.0971,0,0,0,0,0,0,0,0,0,0,2,201.81,等价强队不输；最后3分钟通常已很贵
loss_requires_2_goals,total_under_loss_ge2,180,2026-06-20,Germany vs. Côte d'Ivoire,2-1,1,Germany,Germany vs. Côte d'Ivoire: O/U 4.5,Under,2,4.5,,3,,,,,,5,389.49,0.999,0.999,0.0971,0.0971,0,0,0,0,0,0,0,0,0,0,5,389.49,主线策略：当前总进球还需2球才输
loss_requires_2_goals,team_total_under_loss_ge2,180,2026-06-21,Tunisia vs. Japan,0-4,4,Japan,Tunisia vs. Japan: Tunisia O/U 1.5,Under,2,1.5,,,Tunisia,0,,,,1,2.06,0.999,0.999,0.0971,0.0971,0,0,0,0,0,0,0,0,0,0,1,2.06,球队总进球 under，深度通常小于总进球 under
loss_requires_2_goals,leader_yes_lead_ge2,180,2026-06-21,Tunisia vs. Japan,0-4,4,Japan,Will Japan win on 2026-06-21?,Yes,4,,,,,,,,,51,3524.93,0.999,0.999,0.0971,0.0971,0,0,0,0,0,0,0,0,0,0,51,3524.93,领先2球以上时可用，最后3分钟肉通常不大
loss_requires_2_goals,draw_no_lead_ge2,180,2026-06-21,Spain vs. Saudi Arabia,4-0,4,Spain,Will Spain vs. Saudi Arabia end in a draw?,No,4,,,,,,,,,2,65.58,0.999,0.999,0.0971,0.0971,0,0,0,0,0,0,0,0,0,0,2,65.58,领先2球以上时可用，最后3分钟肉通常不大
loss_requires_2_goals,loser_no,180,2026-06-21,Spain vs. Saudi Arabia,4-0,4,Spain,Will Saudi Arabia win on 2026-06-21?,No,5,,,,,,Saudi Arabia,,,1,1000.0,0.999,0.999,0.0971,0.0971,0,0,0,0,0,0,0,0,0,0,1,1000.0,等价强队不输；最后3分钟通常已很贵
loss_requires_2_goals,leader_yes_lead_ge2,180,2026-06-21,Spain vs. Saudi Arabia,4-0,4,Spain,Will Spain win on 2026-06-21?,Yes,4,,,,,,,,,14,456.35,0.999,0.999,0.0971,0.0971,0,0,0,0,0,0,0,0,0,0,14,456.35,领先2球以上时可用，最后3分钟肉通常不大
loss_requires_2_goals,spread_tight_loss_ge2,180,2026-06-22,New Zealand vs. Egypt,1-3,2,Egypt,Spread: Egypt (-3.5),New Zealand,2,3.5,4,,,,,other_side,,1,14.0,0.999,0.999,0.0971,0.0971,0,0,0,0,0,0,0,0,0,0,1,14.0,让分方向复杂，需 live parser 确认 outcome 等价含义
loss_requires_2_goals,leader_yes_lead_ge2,180,2026-06-22,New Zealand vs. Egypt,1-3,2,Egypt,Will Egypt win on 2026-06-21?,Yes,2,,,,,,,,,41,4349.56,0.999,0.999,0.0971,0.0971,0,0,0,0,0,0,0,0,0,0,41,4349.56,领先2球以上时可用，最后3分钟肉通常不大
loss_requires_2_goals,loser_no,180,2026-06-22,New Zealand vs. Egypt,1-3,2,Egypt,Will New Zealand win on 2026-06-21?,No,3,,,,,,New Zealand,,,2,6878.09,0.999,0.999,0.0971,0.0971,0,0,0,0,0,0,0,0,0,0,2,6878.09,等价强队不输；最后3分钟通常已很贵
loss_requires_2_goals,spread_tight_loss_ge2,180,2026-06-11,Mexico vs. South Africa,2-0,2,Mexico,Spread: South Africa (-1.5),Mexico,4,1.5,2,,,,,other_side,,0,0,,,,,0,0,0,0,0,0,0,0,0,0,0,0,让分方向复杂，需 live parser 确认 outcome 等价含义
loss_requires_2_goals,team_total_under_loss_ge2,180,2026-06-11,Mexico vs. South Africa,2-0,2,Mexico,Mexico vs. South Africa: South Africa O/U 1.5,Under,2,1.5,,,South Africa,0,,,,0,0,,,,,0,0,0,0,0,0,0,0,0,0,0,0,球队总进球 under，深度通常小于总进球 under
loss_requires_2_goals,loser_no,180,2026-06-11,Mexico vs. South Africa,2-0,2,Mexico,Will South Africa win on 2026-06-11?,No,3,,,,,,South Africa,,,0,0,,,,,0,0,0,0,0,0,0,0,0,0,0,0,等价强队不输；最后3分钟通常已很贵
loss_requires_2_goals,leader_yes_lead_ge2,180,2026-06-11,Mexico vs. South Africa,2-0,2,Mexico,Will Mexico win on 2026-06-11?,Yes,2,,,,,,,,,0,0,,,,,0,0,0,0,0,0,0,0,0,0,0,0,领先2球以上时可用，最后3分钟肉通常不大
loss_requires_2_goals,spread_tight_loss_ge2,180,2026-06-12,Korea Republic vs. Czechia,2-1,1,Korea Republic,Spread: Korea Republic (-2.5),Czechia,2,2.5,3,,,,,other_side,,0,0,,,,,0,0,0,0,0,0,0,0,0,0,0,0,让分方向复杂，需 live parser 确认 outcome 等价含义
loss_requires_2_goals,team_total_under_loss_ge2,180,2026-06-12,Canada vs. Bosnia-Herzegovina,1-1,0,,Canada vs. Bosnia-Herzegovina: Canada O/U 2.5,Under,2,2.5,,,Canada,1,,,,0,0,,,,,0,0,0,0,0,0,0,0,0,0,0,0,球队总进球 under，深度通常小于总进球 under
loss_requires_2_goals,draw_no_lead_ge2,180,2026-06-13,United States vs. Paraguay,4-1,3,United States,Will United States vs. Paraguay end in a draw?,No,3,,,,,,,,,0,0,,,,,0,0,0,0,0,0,0,0,0,0,0,0,领先2球以上时可用，最后3分钟肉通常不大
loss_requires_2_goals,leader_yes_lead_ge2,180,2026-06-13,United States vs. Paraguay,4-1,3,United States,Will United States win on 2026-06-12?,Yes,3,,,,,,,,,0,0,,,,,0,0,0,0,0,0,0,0,0,0,0,0,领先2球以上时可用，最后3分钟肉通常不大
loss_requires_2_goals,loser_no,180,2026-06-13,United States vs. Paraguay,4-1,3,United States,Will Paraguay win on 2026-06-12?,No,4,,,,,,Paraguay,,,0,0,,,,,0,0,0,0,0,0,0,0,0,0,0,0,等价强队不输；最后3分钟通常已很贵
loss_requires_2_goals,spread_tight_loss_ge2,180,2026-06-13,Qatar vs. Switzerland,1-1,0,,Spread: Qatar (-1.5),Switzerland,2,1.5,2,,,,,other_side,,0,0,,,,,0,0,0,0,0,0,0,0,0,0,0,0,让分方向复杂，需 live parser 确认 outcome 等价含义
loss_requires_2_goals,team_total_under_loss_ge2,180,2026-06-13,Qatar vs. Switzerland,1-1,0,,Qatar vs. Switzerland: Qatar O/U 2.5,Under,2,2.5,,,Qatar,1,,,,0,0,,,,,0,0,0,0,0,0,0,0,0,0,0,0,球队总进球 under，深度通常小于总进球 under
loss_requires_2_goals,team_total_under_loss_ge2,180,2026-06-14,Haiti vs. Scotland,0-1,1,Scotland,Haiti vs. Scotland: Haiti O/U 1.5,Under,2,1.5,,,Haiti,0,,,,0,0,,,,,0,0,0,0,0,0,0,0,0,0,0,0,球队总进球 under，深度通常小于总进球 under
loss_requires_2_goals,total_under_loss_ge2,180,2026-06-14,Haiti vs. Scotland,0-1,1,Scotland,Haiti vs. Scotland: O/U 2.5,Under,2,2.5,,1,,,,,,0,0,,,,,0,0,0,0,0,0,0,0,0,0,0,0,主线策略：当前总进球还需2球才输
loss_requires_2_goals,loser_no,180,2026-06-14,Australia vs. Türkiye,2-0,2,Australia,Will Türkiye win on 2026-06-14?,No,3,,,,,,Türkiye,,,0,0,,,,,0,0,0,0,0,0,0,0,0,0,0,0,等价强队不输；最后3分钟通常已很贵
loss_requires_2_goals,team_total_under_loss_ge2,180,2026-06-14,Australia vs. Türkiye,2-0,2,Australia,Australia vs. Türkiye: Türkiye O/U 1.5,Under,2,1.5,,,Türkiye,0,,,,0,0,,,,,0,0,0,0,0,0,0,0,0,0,0,0,球队总进球 under，深度通常小于总进球 under
loss_requires_2_goals,draw_no_lead_ge2,180,2026-06-14,Germany vs. Curaçao,7-1,6,Germany,Will Germany vs. Curaçao end in a draw?,No,6,,,,,,,,,0,0,,,,,0,0,0,0,0,0,0,0,0,0,0,0,领先2球以上时可用，最后3分钟肉通常不大
loss_requires_2_goals,spread_tight_loss_ge2,180,2026-06-14,Côte d'Ivoire vs. Ecuador,1-0,1,Côte d'Ivoire,Spread: Côte d'Ivoire (-2.5),Ecuador,2,2.5,3,,,,,other_side,,0,0,,,,,0,0,0,0,0,0,0,0,0,0,0,0,让分方向复杂，需 live parser 确认 outcome 等价含义
loss_requires_2_goals,team_total_under_loss_ge2,180,2026-06-14,Côte d'Ivoire vs. Ecuador,1-0,1,Côte d'Ivoire,Côte d'Ivoire vs. Ecuador: Ecuador O/U 1.5,Under,2,1.5,,,Ecuador,0,,,,0,0,,,,,0,0,0,0,0,0,0,0,0,0,0,0,球队总进球 under，深度通常小于总进球 under
loss_requires_2_goals,team_total_under_loss_ge2,180,2026-06-15,Belgium vs. Egypt,1-1,0,,Belgium vs. Egypt: Egypt O/U 2.5,Under,2,2.5,,,Egypt,1,,,,0,0,,,,,0,0,0,0,0,0,0,0,0,0,0,0,球队总进球 under，深度通常小于总进球 under
loss_requires_2_goals,total_under_loss_ge2,180,2026-06-15,Belgium vs. Egypt,1-1,0,,Belgium vs. Egypt: O/U 3.5,Under,2,3.5,,2,,,,,,0,0,,,,,0,0,0,0,0,0,0,0,0,0,0,0,主线策略：当前总进球还需2球才输
loss_requires_2_goals,spread_tight_loss_ge2,180,2026-06-15,Saudi Arabia vs. Uruguay,1-1,0,,Spread: Saudi Arabia (-1.5),Uruguay,2,1.5,2,,,,,other_side,,0,0,,,,,0,0,0,0,0,0,0,0,0,0,0,0,让分方向复杂，需 live parser 确认 outcome 等价含义
loss_requires_2_goals,spread_tight_loss_ge2,180,2026-06-16,IR Iran vs. New Zealand,2-2,0,,Spread: IR Iran (-1.5),New Zealand,2,1.5,2,,,,,other_side,,0,0,,,,,0,0,0,0,0,0,0,0,0,0,0,0,让分方向复杂，需 live parser 确认 outcome 等价含义
loss_requires_2_goals,spread_tight_loss_ge2,180,2026-06-16,France vs. Senegal,3-1,2,France,Spread: Senegal (-1.5),France,4,1.5,2,,,,,other_side,,0,0,,,,,0,0,0,0,0,0,0,0,0,0,0,0,让分方向复杂，需 live parser 确认 outcome 等价含义
loss_requires_2_goals,team_total_under_loss_ge2,180,2026-06-16,France vs. Senegal,3-1,2,France,France vs. Senegal: Senegal O/U 2.5,Under,2,2.5,,,Senegal,1,,,,0,0,,,,,0,0,0,0,0,0,0,0,0,0,0,0,球队总进球 under，深度通常小于总进球 under
loss_requires_2_goals,draw_no_lead_ge2,180,2026-06-16,Iraq vs. Norway,1-4,3,Norway,Will Iraq vs. Norway end in a draw?,No,3,,,,,,,,,0,0,,,,,0,0,0,0,0,0,0,0,0,0,0,0,领先2球以上时可用，最后3分钟肉通常不大
loss_requires_2_goals,team_total_under_loss_ge2,180,2026-06-16,Iraq vs. Norway,1-4,3,Norway,Iraq vs. Norway: Iraq O/U 2.5,Under,2,2.5,,,Iraq,1,,,,0,0,,,,,0,0,0,0,0,0,0,0,0,0,0,0,球队总进球 under，深度通常小于总进球 under
loss_requires_2_goals,team_total_under_loss_ge2,180,2026-06-17,Portugal vs. DR Congo,1-1,0,,Portugal vs. DR Congo: DR Congo O/U 2.5,Under,2,2.5,,,DR Congo,1,,,,0,0,,,,,0,0,0,0,0,0,0,0,0,0,0,0,球队总进球 under，深度通常小于总进球 under
loss_requires_2_goals,spread_tight_loss_ge2,180,2026-06-17,Ghana vs. Panama,1-0,1,Ghana,Spread: Ghana (-2.5),Panama,2,2.5,3,,,,,other_side,,0,0,,,,,0,0,0,0,0,0,0,0,0,0,0,0,让分方向复杂，需 live parser 确认 outcome 等价含义
loss_requires_2_goals,team_total_under_loss_ge2,180,2026-06-17,Ghana vs. Panama,1-0,1,Ghana,Ghana vs. Panama: Panama O/U 1.5,Under,2,1.5,,,Panama,0,,,,0,0,,,,,0,0,0,0,0,0,0,0,0,0,0,0,球队总进球 under，深度通常小于总进球 under
loss_requires_2_goals,spread_tight_loss_ge2,180,2026-06-18,Uzbekistan vs. Colombia,1-3,2,Colombia,Spread: Colombia (-3.5),Uzbekistan,2,3.5,4,,,,,other_side,,0,0,,,,,0,0,0,0,0,0,0,0,0,0,0,0,让分方向复杂，需 live parser 确认 outcome 等价含义
loss_requires_2_goals,team_total_under_loss_ge2,180,2026-06-18,Uzbekistan vs. Colombia,1-3,2,Colombia,Uzbekistan vs. Colombia: Uzbekistan O/U 2.5,Under,2,2.5,,,Uzbekistan,1,,,,0,0,,,,,0,0,0,0,0,0,0,0,0,0,0,0,球队总进球 under，深度通常小于总进球 under
loss_requires_2_goals,total_under_loss_ge2,180,2026-06-18,Switzerland vs. Bosnia-Herzegovina,4-1,3,Switzerland,Switzerland vs. Bosnia-Herzegovina: O/U 6.5,Under,2,6.5,,5,,,,,,0,0,,,,,0,0,0,0,0,0,0,0,0,0,0,0,主线策略：当前总进球还需2球才输
loss_requires_2_goals,team_total_under_loss_ge2,180,2026-06-18,Switzerland vs. Bosnia-Herzegovina,4-1,3,Switzerland,Switzerland vs. Bosnia-Herzegovina: Bosnia-Herzegovina O/U 2.5,Under,2,2.5,,,Bosnia-Herzegovina,1,,,,0,0,,,,,0,0,0,0,0,0,0,0,0,0,0,0,球队总进球 under，深度通常小于总进球 under
loss_requires_2_goals,draw_no_lead_ge2,180,2026-06-18,Canada vs. Qatar,6-0,6,Canada,Will Canada vs. Qatar end in a draw?,No,6,,,,,,,,,0,0,,,,,0,0,0,0,0,0,0,0,0,0,0,0,领先2球以上时可用，最后3分钟肉通常不大
loss_requires_2_goals,team_total_under_loss_ge2,180,2026-06-18,Canada vs. Qatar,6-0,6,Canada,Canada vs. Qatar: Qatar O/U 1.5,Under,2,1.5,,,Qatar,0,,,,0,0,,,,,0,0,0,0,0,0,0,0,0,0,0,0,球队总进球 under，深度通常小于总进球 under
loss_requires_2_goals,draw_no_lead_ge2,180,2026-06-20,Brazil vs. Haiti,3-0,3,Brazil,Will Brazil vs. Haiti end in a draw?,No,3,,,,,,,,,0,0,,,,,0,0,0,0,0,0,0,0,0,0,0,0,领先2球以上时可用，最后3分钟肉通常不大
loss_requires_2_goals,team_total_under_loss_ge2,180,2026-06-20,Brazil vs. Haiti,3-0,3,Brazil,Brazil vs. Haiti: Haiti O/U 1.5,Under,2,1.5,,,Haiti,0,,,,0,0,,,,,0,0,0,0,0,0,0,0,0,0,0,0,球队总进球 under，深度通常小于总进球 under
loss_requires_2_goals,loser_no,180,2026-06-20,Brazil vs. Haiti,3-0,3,Brazil,Will Haiti win on 2026-06-19?,No,4,,,,,,Haiti,,,0,0,,,,,0,0,0,0,0,0,0,0,0,0,0,0,等价强队不输；最后3分钟通常已很贵
loss_requires_2_goals,draw_no_lead_ge2,180,2026-06-20,Netherlands vs. Sweden,5-1,4,Netherlands,Will Netherlands vs. Sweden end in a draw?,No,4,,,,,,,,,0,0,,,,,0,0,0,0,0,0,0,0,0,0,0,0,领先2球以上时可用，最后3分钟肉通常不大
loss_requires_2_goals,leader_yes_lead_ge2,180,2026-06-20,Netherlands vs. Sweden,5-1,4,Netherlands,Will Netherlands win on 2026-06-20?,Yes,4,,,,,,,,,0,0,,,,,0,0,0,0,0,0,0,0,0,0,0,0,领先2球以上时可用，最后3分钟肉通常不大
loss_requires_2_goals,spread_tight_loss_ge2,180,2026-06-20,Germany vs. Côte d'Ivoire,2-1,1,Germany,Spread: Germany (-2.5),Côte d'Ivoire,2,2.5,3,,,,,other_side,,0,0,,,,,0,0,0,0,0,0,0,0,0,0,0,0,让分方向复杂，需 live parser 确认 outcome 等价含义
loss_requires_2_goals,team_total_under_loss_ge2,180,2026-06-20,Germany vs. Côte d'Ivoire,2-1,1,Germany,Germany vs. Côte d'Ivoire: Côte d'Ivoire O/U 2.5,Under,2,2.5,,,Côte d'Ivoire,1,,,,0,0,,,,,0,0,0,0,0,0,0,0,0,0,0,0,球队总进球 under，深度通常小于总进球 under
loss_requires_2_goals,spread_tight_loss_ge2,180,2026-06-21,Tunisia vs. Japan,0-4,4,Japan,Spread: Japan (-5.5),Tunisia,2,5.5,6,,,,,other_side,,0,0,,,,,0,0,0,0,0,0,0,0,0,0,0,0,让分方向复杂，需 live parser 确认 outcome 等价含义
loss_requires_2_goals,draw_no_lead_ge2,180,2026-06-21,Tunisia vs. Japan,0-4,4,Japan,Will Tunisia vs. Japan end in a draw?,No,4,,,,,,,,,0,0,,,,,0,0,0,0,0,0,0,0,0,0,0,0,领先2球以上时可用，最后3分钟肉通常不大
loss_requires_2_goals,loser_no,180,2026-06-21,Tunisia vs. Japan,0-4,4,Japan,Will Tunisia win on 2026-06-21?,No,5,,,,,,Tunisia,,,0,0,,,,,0,0,0,0,0,0,0,0,0,0,0,0,等价强队不输；最后3分钟通常已很贵
loss_requires_2_goals,team_total_under_loss_ge2,180,2026-06-21,Spain vs. Saudi Arabia,4-0,4,Spain,Spain vs. Saudi Arabia: Saudi Arabia O/U 1.5,Under,2,1.5,,,Saudi Arabia,0,,,,0,0,,,,,0,0,0,0,0,0,0,0,0,0,0,0,球队总进球 under，深度通常小于总进球 under
loss_requires_2_goals,draw_no_lead_ge2,180,2026-06-22,New Zealand vs. Egypt,1-3,2,Egypt,Will New Zealand vs. Egypt end in a draw?,No,2,,,,,,,,,0,0,,,,,0,0,0,0,0,0,0,0,0,0,0,0,领先2球以上时可用，最后3分钟肉通常不大
loss_requires_2_goals,team_total_under_loss_ge2,180,2026-06-22,New Zealand vs. Egypt,1-3,2,Egypt,New Zealand vs. Egypt: New Zealand O/U 2.5,Under,2,2.5,,,New Zealand,1,,,,0,0,,,,,0,0,0,0,0,0,0,0,0,0,0,0,球队总进球 under，深度通常小于总进球 under
