mode,date,title,score,market_slug,question,line,buy_trades_60,buy_size_60,buy_min_price_60,buy_net_min_pct_60
max,2026-06-11,Mexico vs. South Africa,2-0,fifwc-mex-rsa-2026-06-11-spread-home-1pt5,Spread: Mexico (-1.5),-1.5,0,0,,
-1.5,2026-06-11,Mexico vs. South Africa,2-0,fifwc-mex-rsa-2026-06-11-spread-home-1pt5,Spread: Mexico (-1.5),-1.5,0,0,,
max,2026-06-12,United States vs. Paraguay,4-1,fifwc-usa-par-2026-06-12-spread-home-2pt5,Spread: United States (-2.5),-2.5,0,0,,
-1.5,2026-06-12,United States vs. Paraguay,4-1,fifwc-usa-par-2026-06-12-spread-home-1pt5,Spread: United States (-1.5),-1.5,4,51130.12,0.99,0.9801
max,2026-06-14,Australia vs. Türkiye,2-0,fifwc-aus-tur-2026-06-14-spread-home-1pt5,Spread: Australia (-1.5),-1.5,0,0,,
-1.5,2026-06-14,Australia vs. Türkiye,2-0,fifwc-aus-tur-2026-06-14-spread-home-1pt5,Spread: Australia (-1.5),-1.5,19,3675.5206,0.96,4.0467
max,2026-06-14,Germany vs. Curaçao,7-1,fifwc-ger-kor-2026-06-14-spread-home-5pt5,Spread: Germany (-5.5),-5.5,3,64.2,0.99,0.9801
-1.5,2026-06-14,Germany vs. Curaçao,7-1,fifwc-ger-kor-2026-06-14-spread-home-1pt5,Spread: Germany (-1.5),-1.5,0,0,,
max,2026-06-14,Sweden vs. Tunisia,5-1,fifwc-swe-tun-2026-06-14-spread-home-2pt5,Spread: Sweden (-2.5),-2.5,4,1060.7,0.99,0.9801
-1.5,2026-06-14,Sweden vs. Tunisia,5-1,fifwc-swe-tun-2026-06-14-spread-home-1pt5,Spread: Sweden (-1.5),-1.5,5,283.79,0.999,0.0971
max,2026-06-16,France vs. Senegal,3-1,fifwc-fra-sen-2026-06-16-spread-home-1pt5,Spread: France (-1.5),-1.5,129,27661.8722,0.1,897.3
-1.5,2026-06-16,France vs. Senegal,3-1,fifwc-fra-sen-2026-06-16-spread-home-1pt5,Spread: France (-1.5),-1.5,129,27661.8722,0.1,897.3
max,2026-06-16,Iraq vs. Norway,1-4,fifwc-irq-nor-2026-06-16-spread-away-2pt5,Spread: Norway (-2.5),-2.5,133,17980.1911,0.95,5.1132
-1.5,2026-06-16,Iraq vs. Norway,1-4,fifwc-irq-nor-2026-06-16-spread-away-1pt5,Spread: Norway (-1.5),-1.5,0,0,,
max,2026-06-16,Argentina vs. Algeria,3-0,fifwc-arg-alg-2026-06-16-spread-home-2pt5,Spread: Argentina (-2.5),-2.5,6,2772.08,0.98,1.9808
-1.5,2026-06-16,Argentina vs. Algeria,3-0,fifwc-arg-alg-2026-06-16-spread-home-1pt5,Spread: Argentina (-1.5),-1.5,0,0,,
max,2026-06-17,Austria vs. Jordan,3-1,fifwc-aut-jor-2026-06-17-spread-home-1pt5,Spread: Austria (-1.5),-1.5,13,1479.36,0.99,0.9801
-1.5,2026-06-17,Austria vs. Jordan,3-1,fifwc-aut-jor-2026-06-17-spread-home-1pt5,Spread: Austria (-1.5),-1.5,13,1479.36,0.99,0.9801
max,2026-06-17,England vs. Croatia,4-2,fifwc-eng-hrv-2026-06-17-spread-home-1pt5,Spread: England (-1.5),-1.5,0,0,,
-1.5,2026-06-17,England vs. Croatia,4-2,fifwc-eng-hrv-2026-06-17-spread-home-1pt5,Spread: England (-1.5),-1.5,11,830.99,0.99,0.9801
max,2026-06-17,Uzbekistan vs. Colombia,1-3,fifwc-uzb-col-2026-06-17-spread-away-1pt5,Spread: Colombia (-1.5),-1.5,60,34193.35,0.99,0.9801
-1.5,2026-06-17,Uzbekistan vs. Colombia,1-3,fifwc-uzb-col-2026-06-17-spread-away-1pt5,Spread: Colombia (-1.5),-1.5,60,34193.35,0.99,0.9801
max,2026-06-18,Switzerland vs. Bosnia-Herzegovina,4-1,fifwc-che-bih-2026-06-18-spread-home-2pt5,Spread: Switzerland (-2.5),-2.5,0,0,,
-1.5,2026-06-18,Switzerland vs. Bosnia-Herzegovina,4-1,fifwc-che-bih-2026-06-18-spread-home-1pt5,Spread: Switzerland (-1.5),-1.5,5,261.64,0.999,0.0971
max,2026-06-18,Canada vs. Qatar,6-0,fifwc-can-qat-2026-06-18-spread-home-5pt5,Spread: Canada (-5.5),-5.5,5,3208.79,0.991,0.8812
-1.5,2026-06-18,Canada vs. Qatar,6-0,fifwc-can-qat-2026-06-18-spread-home-1pt5,Spread: Canada (-1.5),-1.5,0,0,,
max,2026-06-19,United States vs. Australia,2-0,fifwc-usa-aus-2026-06-19-spread-home-1pt5,Spread: United States (-1.5),-1.5,12,4908.7992,0.97,3.0028
-1.5,2026-06-19,United States vs. Australia,2-0,fifwc-usa-aus-2026-06-19-spread-home-1pt5,Spread: United States (-1.5),-1.5,12,4908.7992,0.97,3.0028
max,2026-06-19,Brazil vs. Haiti,3-0,fifwc-bra-hai-2026-06-19-spread-home-2pt5,Spread: Brazil (-2.5),-2.5,0,0,,
-1.5,2026-06-19,Brazil vs. Haiti,3-0,fifwc-bra-hai-2026-06-19-spread-home-1pt5,Spread: Brazil (-1.5),-1.5,1,18.51,0.999,0.0971
max,2026-06-20,Netherlands vs. Sweden,5-1,fifwc-nld-swe-2026-06-20-spread-home-3pt5,Spread: Netherlands (-3.5),-3.5,9,3006.06,0.99,0.9801
-1.5,2026-06-20,Netherlands vs. Sweden,5-1,fifwc-nld-swe-2026-06-20-spread-home-1pt5,Spread: Netherlands (-1.5),-1.5,0,0,,
max,2026-06-21,Tunisia vs. Japan,0-4,fifwc-tun-jpn-2026-06-21-spread-away-3pt5,Spread: Japan (-3.5),-3.5,0,0,,
-1.5,2026-06-21,Tunisia vs. Japan,0-4,fifwc-tun-jpn-2026-06-21-spread-away-1pt5,Spread: Japan (-1.5),-1.5,12,260.89,0.999,0.0971
max,2026-06-21,Spain vs. Saudi Arabia,4-0,fifwc-esp-ksa-2026-06-21-spread-home-3pt5,Spread: Spain (-3.5),-3.5,2,758.03,0.999,0.0971
-1.5,2026-06-21,Spain vs. Saudi Arabia,4-0,fifwc-esp-ksa-2026-06-21-spread-home-1pt5,Spread: Spain (-1.5),-1.5,0,0,,
max,2026-06-21,New Zealand vs. Egypt,1-3,fifwc-nzl-egy-2026-06-21-spread-away-1pt5,Spread: Egypt (-1.5),-1.5,0,0,,
-1.5,2026-06-21,New Zealand vs. Egypt,1-3,fifwc-nzl-egy-2026-06-21-spread-away-1pt5,Spread: Egypt (-1.5),-1.5,0,0,,
