market_group,window_sec,date,title,score,margin,winner,question,line,required_margin,cushion,buy_trades,buy_size,min_price,last_price,net_roi_min_pct,net_roi_last_pct,trades_le_0.97,size_le_0.97,trades_le_0.98,size_le_0.98,trades_le_0.99,size_le_0.99,trades_le_0.995,size_le_0.995,trades_le_0.999,size_le_0.999,conditionId,token,page_errors,error
moneyline,60,2026-06-11,Mexico vs. South Africa,2-0,2,Mexico,Will Mexico win on 2026-06-11?,,,2,0,0,,,,,0,0,0,0,0,0,0,0,0,0,0x4cd77d456c83e7d8c569a8fb8f6396c3f40154f657e6d970733e2b1b6a7110ff,20779063998268474490699884714808310289659170477959115489741275295270359962039,[],
moneyline,120,2026-06-11,Mexico vs. South Africa,2-0,2,Mexico,Will Mexico win on 2026-06-11?,,,2,0,0,,,,,0,0,0,0,0,0,0,0,0,0,0x4cd77d456c83e7d8c569a8fb8f6396c3f40154f657e6d970733e2b1b6a7110ff,20779063998268474490699884714808310289659170477959115489741275295270359962039,[],
moneyline,180,2026-06-11,Mexico vs. South Africa,2-0,2,Mexico,Will Mexico win on 2026-06-11?,,,2,0,0,,,,,0,0,0,0,0,0,0,0,0,0,0x4cd77d456c83e7d8c569a8fb8f6396c3f40154f657e6d970733e2b1b6a7110ff,20779063998268474490699884714808310289659170477959115489741275295270359962039,[],
moneyline,300,2026-06-11,Mexico vs. South Africa,2-0,2,Mexico,Will Mexico win on 2026-06-11?,,,2,0,0,,,,,0,0,0,0,0,0,0,0,0,0,0x4cd77d456c83e7d8c569a8fb8f6396c3f40154f657e6d970733e2b1b6a7110ff,20779063998268474490699884714808310289659170477959115489741275295270359962039,[],
moneyline,480,2026-06-11,Mexico vs. South Africa,2-0,2,Mexico,Will Mexico win on 2026-06-11?,,,2,0,0,,,,,0,0,0,0,0,0,0,0,0,0,0x4cd77d456c83e7d8c569a8fb8f6396c3f40154f657e6d970733e2b1b6a7110ff,20779063998268474490699884714808310289659170477959115489741275295270359962039,[],
moneyline,60,2026-06-13,United States vs. Paraguay,4-1,3,United States,Will United States win on 2026-06-12?,,,3,0,0,,,,,0,0,0,0,0,0,0,0,0,0,0x26c10c27cde58e2d6214d65ab562d8142d34723b3b6ec3f40836d24f6d22dfc9,1053697017401072331517873943000159665286188444438499834342450614809920055961,[],
moneyline,120,2026-06-13,United States vs. Paraguay,4-1,3,United States,Will United States win on 2026-06-12?,,,3,0,0,,,,,0,0,0,0,0,0,0,0,0,0,0x26c10c27cde58e2d6214d65ab562d8142d34723b3b6ec3f40836d24f6d22dfc9,1053697017401072331517873943000159665286188444438499834342450614809920055961,[],
moneyline,180,2026-06-13,United States vs. Paraguay,4-1,3,United States,Will United States win on 2026-06-12?,,,3,0,0,,,,,0,0,0,0,0,0,0,0,0,0,0x26c10c27cde58e2d6214d65ab562d8142d34723b3b6ec3f40836d24f6d22dfc9,1053697017401072331517873943000159665286188444438499834342450614809920055961,[],
moneyline,300,2026-06-13,United States vs. Paraguay,4-1,3,United States,Will United States win on 2026-06-12?,,,3,0,0,,,,,0,0,0,0,0,0,0,0,0,0,0x26c10c27cde58e2d6214d65ab562d8142d34723b3b6ec3f40836d24f6d22dfc9,1053697017401072331517873943000159665286188444438499834342450614809920055961,[],
moneyline,480,2026-06-13,United States vs. Paraguay,4-1,3,United States,Will United States win on 2026-06-12?,,,3,0,0,,,,,0,0,0,0,0,0,0,0,0,0,0x26c10c27cde58e2d6214d65ab562d8142d34723b3b6ec3f40836d24f6d22dfc9,1053697017401072331517873943000159665286188444438499834342450614809920055961,[],
moneyline,60,2026-06-14,Australia vs. Türkiye,2-0,2,Australia,Will Australia win on 2026-06-14?,,,2,31,6882.87,0.999,0.999,0.0971,0.0971,0,0,0,0,0,0,0,0,31,6882.87,0xaaee502e7f2378521ba15c183e2762cecab013dd42f7600f7b35e99e0882f08c,45307929350007847491024268648960623527752242214197163455465935647967776740420,[],
moneyline,120,2026-06-14,Australia vs. Türkiye,2-0,2,Australia,Will Australia win on 2026-06-14?,,,2,67,14336.95,0.999,0.999,0.0971,0.0971,0,0,0,0,0,0,0,0,67,14336.95,0xaaee502e7f2378521ba15c183e2762cecab013dd42f7600f7b35e99e0882f08c,45307929350007847491024268648960623527752242214197163455465935647967776740420,[],
moneyline,180,2026-06-14,Australia vs. Türkiye,2-0,2,Australia,Will Australia win on 2026-06-14?,,,2,103,32523.83,0.999,0.999,0.0971,0.0971,0,0,0,0,0,0,0,0,103,32523.83,0xaaee502e7f2378521ba15c183e2762cecab013dd42f7600f7b35e99e0882f08c,45307929350007847491024268648960623527752242214197163455465935647967776740420,[],
moneyline,300,2026-06-14,Australia vs. Türkiye,2-0,2,Australia,Will Australia win on 2026-06-14?,,,2,181,74812.015,0.99,0.999,0.9801,0.0971,0,0,0,0,16,15296.949,34,22785.249,181,74812.015,0xaaee502e7f2378521ba15c183e2762cecab013dd42f7600f7b35e99e0882f08c,45307929350007847491024268648960623527752242214197163455465935647967776740420,[],
moneyline,480,2026-06-14,Australia vs. Türkiye,2-0,2,Australia,Will Australia win on 2026-06-14?,,,2,263,114318.4049,0.99,0.999,0.9801,0.0971,0,0,0,0,98,54803.3389,116,62291.6389,263,114318.4049,0xaaee502e7f2378521ba15c183e2762cecab013dd42f7600f7b35e99e0882f08c,45307929350007847491024268648960623527752242214197163455465935647967776740420,[],
moneyline,60,2026-06-14,Germany vs. Curaçao,7-1,6,Germany,Will Germany win on 2026-06-14?,,,6,10,11441.52,0.999,0.999,0.0971,0.0971,0,0,0,0,0,0,0,0,10,11441.52,0x00cf3efc18a950cf442049aa0770903f0ab8606212499e0e4196bf74c102c456,80258038883060787104700033663206548991173635281684057844048254140005841868705,[],
moneyline,120,2026-06-14,Germany vs. Curaçao,7-1,6,Germany,Will Germany win on 2026-06-14?,,,6,14,34311.77,0.999,0.999,0.0971,0.0971,0,0,0,0,0,0,0,0,14,34311.77,0x00cf3efc18a950cf442049aa0770903f0ab8606212499e0e4196bf74c102c456,80258038883060787104700033663206548991173635281684057844048254140005841868705,[],
moneyline,180,2026-06-14,Germany vs. Curaçao,7-1,6,Germany,Will Germany win on 2026-06-14?,,,6,19,34426.08,0.999,0.999,0.0971,0.0971,0,0,0,0,0,0,0,0,19,34426.08,0x00cf3efc18a950cf442049aa0770903f0ab8606212499e0e4196bf74c102c456,80258038883060787104700033663206548991173635281684057844048254140005841868705,[],
moneyline,300,2026-06-14,Germany vs. Curaçao,7-1,6,Germany,Will Germany win on 2026-06-14?,,,6,35,37529.46,0.999,0.999,0.0971,0.0971,0,0,0,0,0,0,0,0,35,37529.46,0x00cf3efc18a950cf442049aa0770903f0ab8606212499e0e4196bf74c102c456,80258038883060787104700033663206548991173635281684057844048254140005841868705,[],
moneyline,480,2026-06-14,Germany vs. Curaçao,7-1,6,Germany,Will Germany win on 2026-06-14?,,,6,53,44443.15,0.999,0.999,0.0971,0.0971,0,0,0,0,0,0,0,0,53,44443.15,0x00cf3efc18a950cf442049aa0770903f0ab8606212499e0e4196bf74c102c456,80258038883060787104700033663206548991173635281684057844048254140005841868705,[],
moneyline,60,2026-06-15,Sweden vs. Tunisia,5-1,4,Sweden,Will Sweden win on 2026-06-14?,,,4,32,36406.43,0.999,0.999,0.0971,0.0971,0,0,0,0,0,0,0,0,32,36406.43,0xc6f7e4a015ec643eb49c749da19553a2257add76278a252805a12dfa85103269,77891685052397355147816140430897431230743681776824155461036740561521945442239,[],
moneyline,120,2026-06-15,Sweden vs. Tunisia,5-1,4,Sweden,Will Sweden win on 2026-06-14?,,,4,62,41485.03,0.999,0.999,0.0971,0.0971,0,0,0,0,0,0,0,0,62,41485.03,0xc6f7e4a015ec643eb49c749da19553a2257add76278a252805a12dfa85103269,77891685052397355147816140430897431230743681776824155461036740561521945442239,[],
moneyline,180,2026-06-15,Sweden vs. Tunisia,5-1,4,Sweden,Will Sweden win on 2026-06-14?,,,4,95,56665.18,0.999,0.999,0.0971,0.0971,0,0,0,0,0,0,0,0,95,56665.18,0xc6f7e4a015ec643eb49c749da19553a2257add76278a252805a12dfa85103269,77891685052397355147816140430897431230743681776824155461036740561521945442239,[],
moneyline,300,2026-06-15,Sweden vs. Tunisia,5-1,4,Sweden,Will Sweden win on 2026-06-14?,,,4,151,64677.92,0.999,0.999,0.0971,0.0971,0,0,0,0,0,0,0,0,151,64677.92,0xc6f7e4a015ec643eb49c749da19553a2257add76278a252805a12dfa85103269,77891685052397355147816140430897431230743681776824155461036740561521945442239,[],
moneyline,480,2026-06-15,Sweden vs. Tunisia,5-1,4,Sweden,Will Sweden win on 2026-06-14?,,,4,246,98261.31,0.999,0.999,0.0971,0.0971,0,0,0,0,0,0,0,0,246,98261.31,0xc6f7e4a015ec643eb49c749da19553a2257add76278a252805a12dfa85103269,77891685052397355147816140430897431230743681776824155461036740561521945442239,[],
moneyline,60,2026-06-16,France vs. Senegal,3-1,2,France,Will France win on 2026-06-16?,,,2,24,1949.47,0.999,0.999,0.0971,0.0971,0,0,0,0,0,0,0,0,24,1949.47,0x04b6d6630d49e6513355ff045c96439c929335cb0d18da7792dea6c2fc717ead,10541943766977992250149902475024620982770128161688998706490955791758263657916,[],
moneyline,120,2026-06-16,France vs. Senegal,3-1,2,France,Will France win on 2026-06-16?,,,2,94,25384.92,0.999,0.999,0.0971,0.0971,0,0,0,0,0,0,0,0,94,25384.92,0x04b6d6630d49e6513355ff045c96439c929335cb0d18da7792dea6c2fc717ead,10541943766977992250149902475024620982770128161688998706490955791758263657916,[],
moneyline,180,2026-06-16,France vs. Senegal,3-1,2,France,Will France win on 2026-06-16?,,,2,180,55286.94,0.999,0.999,0.0971,0.0971,0,0,0,0,0,0,0,0,180,55286.94,0x04b6d6630d49e6513355ff045c96439c929335cb0d18da7792dea6c2fc717ead,10541943766977992250149902475024620982770128161688998706490955791758263657916,[],
moneyline,300,2026-06-16,France vs. Senegal,3-1,2,France,Will France win on 2026-06-16?,,,2,512,389441.660593,0.951,0.999,5.0055,0.0971,64,9744.907323,80,122380.81012,92,163339.804641,118,193186.404638,512,389441.660593,0x04b6d6630d49e6513355ff045c96439c929335cb0d18da7792dea6c2fc717ead,10541943766977992250149902475024620982770128161688998706490955791758263657916,[],
moneyline,480,2026-06-16,France vs. Senegal,3-1,2,France,Will France win on 2026-06-16?,,,2,773,619145.941941,0.916,0.999,8.9183,0.0971,119,28374.601791,154,147457.202325,222,221032.244425,250,265978.844422,773,619145.941941,0x04b6d6630d49e6513355ff045c96439c929335cb0d18da7792dea6c2fc717ead,10541943766977992250149902475024620982770128161688998706490955791758263657916,[],
moneyline,60,2026-06-16,Iraq vs. Norway,1-4,3,Norway,Will Norway win on 2026-06-16?,,,3,16,3515.71,0.999,0.999,0.0971,0.0971,0,0,0,0,0,0,0,0,16,3515.71,0xcee0d9074a1f8766b4f66d806608a4097d027c94f85de367410fbbb166a29424,60561627760165737508115128719081450929284195423420376549887420810076954490283,[],
moneyline,120,2026-06-16,Iraq vs. Norway,1-4,3,Norway,Will Norway win on 2026-06-16?,,,3,24,10000.41,0.999,0.999,0.0971,0.0971,0,0,0,0,0,0,0,0,24,10000.41,0xcee0d9074a1f8766b4f66d806608a4097d027c94f85de367410fbbb166a29424,60561627760165737508115128719081450929284195423420376549887420810076954490283,[],
moneyline,180,2026-06-16,Iraq vs. Norway,1-4,3,Norway,Will Norway win on 2026-06-16?,,,3,37,11049.22,0.999,0.999,0.0971,0.0971,0,0,0,0,0,0,0,0,37,11049.22,0xcee0d9074a1f8766b4f66d806608a4097d027c94f85de367410fbbb166a29424,60561627760165737508115128719081450929284195423420376549887420810076954490283,[],
moneyline,300,2026-06-16,Iraq vs. Norway,1-4,3,Norway,Will Norway win on 2026-06-16?,,,3,70,22339.26,0.999,0.999,0.0971,0.0971,0,0,0,0,0,0,0,0,70,22339.26,0xcee0d9074a1f8766b4f66d806608a4097d027c94f85de367410fbbb166a29424,60561627760165737508115128719081450929284195423420376549887420810076954490283,[],
moneyline,480,2026-06-16,Iraq vs. Norway,1-4,3,Norway,Will Norway win on 2026-06-16?,,,3,132,70803.11,0.997,0.999,0.2919,0.0971,0,0,0,0,0,0,0,0,132,70803.11,0xcee0d9074a1f8766b4f66d806608a4097d027c94f85de367410fbbb166a29424,60561627760165737508115128719081450929284195423420376549887420810076954490283,[],
moneyline,60,2026-06-17,Argentina vs. Algeria,3-0,3,Argentina,Will Argentina win on 2026-06-16?,,,3,58,1114390.09,0.999,0.999,0.0971,0.0971,0,0,0,0,0,0,0,0,58,1114390.09,0x2a7a6ab8f4984f1ae82eacd7fb408832a50e63162ac6b98fff1fe094b8e9d3b5,7496871387824498705150337097986995704782987980926026827618928384721521953608,[],
moneyline,120,2026-06-17,Argentina vs. Algeria,3-0,3,Argentina,Will Argentina win on 2026-06-16?,,,3,84,1116611.01,0.999,0.999,0.0971,0.0971,0,0,0,0,0,0,0,0,84,1116611.01,0x2a7a6ab8f4984f1ae82eacd7fb408832a50e63162ac6b98fff1fe094b8e9d3b5,7496871387824498705150337097986995704782987980926026827618928384721521953608,[],
moneyline,180,2026-06-17,Argentina vs. Algeria,3-0,3,Argentina,Will Argentina win on 2026-06-16?,,,3,116,1121065.94,0.999,0.999,0.0971,0.0971,0,0,0,0,0,0,0,0,116,1121065.94,0x2a7a6ab8f4984f1ae82eacd7fb408832a50e63162ac6b98fff1fe094b8e9d3b5,7496871387824498705150337097986995704782987980926026827618928384721521953608,[],
moneyline,300,2026-06-17,Argentina vs. Algeria,3-0,3,Argentina,Will Argentina win on 2026-06-16?,,,3,181,1131007.61,0.999,0.999,0.0971,0.0971,0,0,0,0,0,0,0,0,181,1131007.61,0x2a7a6ab8f4984f1ae82eacd7fb408832a50e63162ac6b98fff1fe094b8e9d3b5,7496871387824498705150337097986995704782987980926026827618928384721521953608,[],
moneyline,480,2026-06-17,Argentina vs. Algeria,3-0,3,Argentina,Will Argentina win on 2026-06-16?,,,3,189,1134123.61,0.999,0.999,0.0971,0.0971,0,0,0,0,0,0,0,0,189,1134123.61,0x2a7a6ab8f4984f1ae82eacd7fb408832a50e63162ac6b98fff1fe094b8e9d3b5,7496871387824498705150337097986995704782987980926026827618928384721521953608,[],
moneyline,60,2026-06-17,Austria vs. Jordan,3-1,2,Austria,Will Austria win on 2026-06-17?,,,2,54,10654.34,0.999,0.999,0.0971,0.0971,0,0,0,0,0,0,0,0,54,10654.34,0x15869f0d05e99ad5789f647685b2eedbbe4201f8910a2bdb70e5716bd3674e8f,20499437472769847560241881624039508074540415562884114297532631910880371793587,[],
moneyline,120,2026-06-17,Austria vs. Jordan,3-1,2,Austria,Will Austria win on 2026-06-17?,,,2,117,34650.72,0.999,0.999,0.0971,0.0971,0,0,0,0,0,0,0,0,117,34650.72,0x15869f0d05e99ad5789f647685b2eedbbe4201f8910a2bdb70e5716bd3674e8f,20499437472769847560241881624039508074540415562884114297532631910880371793587,[],
moneyline,180,2026-06-17,Austria vs. Jordan,3-1,2,Austria,Will Austria win on 2026-06-17?,,,2,176,56265.965496,0.989,0.999,1.0792,0.0971,0,0,0,0,7,5275.91,29,17460.87,176,56265.965496,0x15869f0d05e99ad5789f647685b2eedbbe4201f8910a2bdb70e5716bd3674e8f,20499437472769847560241881624039508074540415562884114297532631910880371793587,[],
moneyline,300,2026-06-17,Austria vs. Jordan,3-1,2,Austria,Will Austria win on 2026-06-17?,,,2,304,128626.828607,0.96,0.999,4.0467,0.0971,8,6869.842473,20,21628.398063,102,58911.547321,138,88096.492431,304,128626.828607,0x15869f0d05e99ad5789f647685b2eedbbe4201f8910a2bdb70e5716bd3674e8f,20499437472769847560241881624039508074540415562884114297532631910880371793587,[],
moneyline,480,2026-06-17,Austria vs. Jordan,3-1,2,Austria,Will Austria win on 2026-06-17?,,,2,475,179160.880234,0.93,0.999,7.3169,0.0971,179,57403.8941,191,72162.44969,273,109445.598948,309,138630.544058,475,179160.880234,0x15869f0d05e99ad5789f647685b2eedbbe4201f8910a2bdb70e5716bd3674e8f,20499437472769847560241881624039508074540415562884114297532631910880371793587,[],
moneyline,60,2026-06-17,England vs. Croatia,4-2,2,England,Will England win on 2026-06-17?,,,2,77,12253.16,0.999,0.999,0.0971,0.0971,0,0,0,0,0,0,0,0,77,12253.16,0xb361c29b5481164886627cb175ed76792df30902e66ec329c0a3853f807fe8e9,45513813860398961340723481590130352932611791552209098368268600222240572304551,[],
moneyline,120,2026-06-17,England vs. Croatia,4-2,2,England,Will England win on 2026-06-17?,,,2,105,29719.53,0.999,0.999,0.0971,0.0971,0,0,0,0,0,0,0,0,105,29719.53,0xb361c29b5481164886627cb175ed76792df30902e66ec329c0a3853f807fe8e9,45513813860398961340723481590130352932611791552209098368268600222240572304551,[],
moneyline,180,2026-06-17,England vs. Croatia,4-2,2,England,Will England win on 2026-06-17?,,,2,139,48875.41,0.998,0.999,0.1944,0.0971,0,0,0,0,0,0,0,0,139,48875.41,0xb361c29b5481164886627cb175ed76792df30902e66ec329c0a3853f807fe8e9,45513813860398961340723481590130352932611791552209098368268600222240572304551,[],
moneyline,300,2026-06-17,England vs. Croatia,4-2,2,England,Will England win on 2026-06-17?,,,2,207,81218.066,0.991,0.999,0.8812,0.0971,0,0,0,0,0,0,1,29.43,207,81218.066,0xb361c29b5481164886627cb175ed76792df30902e66ec329c0a3853f807fe8e9,45513813860398961340723481590130352932611791552209098368268600222240572304551,[],
moneyline,480,2026-06-17,England vs. Croatia,4-2,2,England,Will England win on 2026-06-17?,,,2,309,159383.769689,0.991,0.999,0.8812,0.0971,0,0,0,0,0,0,1,29.43,309,159383.769689,0xb361c29b5481164886627cb175ed76792df30902e66ec329c0a3853f807fe8e9,45513813860398961340723481590130352932611791552209098368268600222240572304551,[],
moneyline,60,2026-06-18,Uzbekistan vs. Colombia,1-3,2,Colombia,Will Colombia win on 2026-06-17?,,,2,37,12873.26,0.999,0.999,0.0971,0.0971,0,0,0,0,0,0,0,0,37,12873.26,0x2f00e48e914ba6606867a6347e90c48cc1fd4da66cc196a191786637f40848e9,107303881689780116979934419713652545873528717512161697004408881489729317049047,[],
moneyline,120,2026-06-18,Uzbekistan vs. Colombia,1-3,2,Colombia,Will Colombia win on 2026-06-17?,,,2,77,30824.79,0.999,0.999,0.0971,0.0971,0,0,0,0,0,0,0,0,77,30824.79,0x2f00e48e914ba6606867a6347e90c48cc1fd4da66cc196a191786637f40848e9,107303881689780116979934419713652545873528717512161697004408881489729317049047,[],
moneyline,180,2026-06-18,Uzbekistan vs. Colombia,1-3,2,Colombia,Will Colombia win on 2026-06-17?,,,2,140,54007.35,0.99,0.999,0.9801,0.0971,0,0,0,0,3,2331.4,7,2406.4,140,54007.35,0x2f00e48e914ba6606867a6347e90c48cc1fd4da66cc196a191786637f40848e9,107303881689780116979934419713652545873528717512161697004408881489729317049047,[],
moneyline,300,2026-06-18,Uzbekistan vs. Colombia,1-3,2,Colombia,Will Colombia win on 2026-06-17?,,,2,315,112824.158564,0.92,0.999,8.4557,0.0971,144,54435.673137,153,56711.906786,178,61148.208564,182,61223.208564,315,112824.158564,0x2f00e48e914ba6606867a6347e90c48cc1fd4da66cc196a191786637f40848e9,107303881689780116979934419713652545873528717512161697004408881489729317049047,[],
moneyline,480,2026-06-18,Uzbekistan vs. Colombia,1-3,2,Colombia,Will Colombia win on 2026-06-17?,,,2,432,144101.781593,0.92,0.999,8.4557,0.0971,261,85713.296166,270,87989.529815,295,92425.831593,299,92500.831593,432,144101.781593,0x2f00e48e914ba6606867a6347e90c48cc1fd4da66cc196a191786637f40848e9,107303881689780116979934419713652545873528717512161697004408881489729317049047,[],
moneyline,60,2026-06-18,Switzerland vs. Bosnia-Herzegovina,4-1,3,Switzerland,Will Switzerland win on 2026-06-18?,,,3,34,10457.11,0.999,0.999,0.0971,0.0971,0,0,0,0,0,0,0,0,34,10457.11,0x870bb248c96c52dcf35390a66542471c5bba2896942d6bc97ade41a418646ba8,106591280142630626115724651117201657682325101150171422307265130569697670708657,[],
moneyline,120,2026-06-18,Switzerland vs. Bosnia-Herzegovina,4-1,3,Switzerland,Will Switzerland win on 2026-06-18?,,,3,49,11602.05,0.999,0.999,0.0971,0.0971,0,0,0,0,0,0,0,0,49,11602.05,0x870bb248c96c52dcf35390a66542471c5bba2896942d6bc97ade41a418646ba8,106591280142630626115724651117201657682325101150171422307265130569697670708657,[],
moneyline,180,2026-06-18,Switzerland vs. Bosnia-Herzegovina,4-1,3,Switzerland,Will Switzerland win on 2026-06-18?,,,3,74,15779.93,0.999,0.999,0.0971,0.0971,0,0,0,0,0,0,0,0,74,15779.93,0x870bb248c96c52dcf35390a66542471c5bba2896942d6bc97ade41a418646ba8,106591280142630626115724651117201657682325101150171422307265130569697670708657,[],
moneyline,300,2026-06-18,Switzerland vs. Bosnia-Herzegovina,4-1,3,Switzerland,Will Switzerland win on 2026-06-18?,,,3,130,27435.63,0.999,0.999,0.0971,0.0971,0,0,0,0,0,0,0,0,130,27435.63,0x870bb248c96c52dcf35390a66542471c5bba2896942d6bc97ade41a418646ba8,106591280142630626115724651117201657682325101150171422307265130569697670708657,[],
moneyline,480,2026-06-18,Switzerland vs. Bosnia-Herzegovina,4-1,3,Switzerland,Will Switzerland win on 2026-06-18?,,,3,259,50469.49,0.999,0.999,0.0971,0.0971,0,0,0,0,0,0,0,0,259,50469.49,0x870bb248c96c52dcf35390a66542471c5bba2896942d6bc97ade41a418646ba8,106591280142630626115724651117201657682325101150171422307265130569697670708657,[],
moneyline,60,2026-06-18,Canada vs. Qatar,6-0,6,Canada,Will Canada win on 2026-06-18?,,,6,4,200.25,0.999,0.999,0.0971,0.0971,0,0,0,0,0,0,0,0,4,200.25,0xc90f95af1a5d4e392fe9cc484f1b1a0983687865e7b85910ae89300c2076e4a1,72434460309427898004674696764153066565237298072408402131497058701161364650505,[],
moneyline,120,2026-06-18,Canada vs. Qatar,6-0,6,Canada,Will Canada win on 2026-06-18?,,,6,5,201.56,0.999,0.999,0.0971,0.0971,0,0,0,0,0,0,0,0,5,201.56,0xc90f95af1a5d4e392fe9cc484f1b1a0983687865e7b85910ae89300c2076e4a1,72434460309427898004674696764153066565237298072408402131497058701161364650505,[],
moneyline,180,2026-06-18,Canada vs. Qatar,6-0,6,Canada,Will Canada win on 2026-06-18?,,,6,6,206.81,0.999,0.999,0.0971,0.0971,0,0,0,0,0,0,0,0,6,206.81,0xc90f95af1a5d4e392fe9cc484f1b1a0983687865e7b85910ae89300c2076e4a1,72434460309427898004674696764153066565237298072408402131497058701161364650505,[],
moneyline,300,2026-06-18,Canada vs. Qatar,6-0,6,Canada,Will Canada win on 2026-06-18?,,,6,10,279.01,0.999,0.999,0.0971,0.0971,0,0,0,0,0,0,0,0,10,279.01,0xc90f95af1a5d4e392fe9cc484f1b1a0983687865e7b85910ae89300c2076e4a1,72434460309427898004674696764153066565237298072408402131497058701161364650505,[],
moneyline,480,2026-06-18,Canada vs. Qatar,6-0,6,Canada,Will Canada win on 2026-06-18?,,,6,14,1787.16,0.999,0.999,0.0971,0.0971,0,0,0,0,0,0,0,0,14,1787.16,0xc90f95af1a5d4e392fe9cc484f1b1a0983687865e7b85910ae89300c2076e4a1,72434460309427898004674696764153066565237298072408402131497058701161364650505,[],
moneyline,60,2026-06-19,United States vs. Australia,2-0,2,United States,Will United States win on 2026-06-19?,,,2,37,9384.84,0.999,0.999,0.0971,0.0971,0,0,0,0,0,0,0,0,37,9384.84,0x7ebb07134794576c154f06fbaa1cc61a5292d58e280ce98207977771c0326c27,39108014906147153132558864303811863989716119429482110734018531773663181557097,[],
moneyline,120,2026-06-19,United States vs. Australia,2-0,2,United States,Will United States win on 2026-06-19?,,,2,72,73625.67,0.999,0.999,0.0971,0.0971,0,0,0,0,0,0,0,0,72,73625.67,0x7ebb07134794576c154f06fbaa1cc61a5292d58e280ce98207977771c0326c27,39108014906147153132558864303811863989716119429482110734018531773663181557097,[],
moneyline,180,2026-06-19,United States vs. Australia,2-0,2,United States,Will United States win on 2026-06-19?,,,2,98,75340.25,0.999,0.999,0.0971,0.0971,0,0,0,0,0,0,0,0,98,75340.25,0x7ebb07134794576c154f06fbaa1cc61a5292d58e280ce98207977771c0326c27,39108014906147153132558864303811863989716119429482110734018531773663181557097,[],
moneyline,300,2026-06-19,United States vs. Australia,2-0,2,United States,Will United States win on 2026-06-19?,,,2,150,99082.08101,0.998,0.999,0.1944,0.0971,0,0,0,0,0,0,0,0,150,99082.08101,0x7ebb07134794576c154f06fbaa1cc61a5292d58e280ce98207977771c0326c27,39108014906147153132558864303811863989716119429482110734018531773663181557097,[],
moneyline,480,2026-06-19,United States vs. Australia,2-0,2,United States,Will United States win on 2026-06-19?,,,2,297,230739.448317,0.995,0.999,0.4875,0.0971,0,0,0,0,0,0,8,2310.94,297,230739.448317,0x7ebb07134794576c154f06fbaa1cc61a5292d58e280ce98207977771c0326c27,39108014906147153132558864303811863989716119429482110734018531773663181557097,[],
moneyline,60,2026-06-20,Brazil vs. Haiti,3-0,3,Brazil,Will Brazil win on 2026-06-19?,,,3,2,164.53,0.999,0.999,0.0971,0.0971,0,0,0,0,0,0,0,0,2,164.53,0xc90381f6021b8dc8d07dd3d783d3927f34706f8ce1ed097b21cc92f31b5be076,103041090730063233481678246468943921262520375914356653176409396265510672924686,[],
moneyline,120,2026-06-20,Brazil vs. Haiti,3-0,3,Brazil,Will Brazil win on 2026-06-19?,,,3,9,3785.84,0.999,0.999,0.0971,0.0971,0,0,0,0,0,0,0,0,9,3785.84,0xc90381f6021b8dc8d07dd3d783d3927f34706f8ce1ed097b21cc92f31b5be076,103041090730063233481678246468943921262520375914356653176409396265510672924686,[],
moneyline,180,2026-06-20,Brazil vs. Haiti,3-0,3,Brazil,Will Brazil win on 2026-06-19?,,,3,17,16873.87,0.999,0.999,0.0971,0.0971,0,0,0,0,0,0,0,0,17,16873.87,0xc90381f6021b8dc8d07dd3d783d3927f34706f8ce1ed097b21cc92f31b5be076,103041090730063233481678246468943921262520375914356653176409396265510672924686,[],
moneyline,300,2026-06-20,Brazil vs. Haiti,3-0,3,Brazil,Will Brazil win on 2026-06-19?,,,3,25,17659.19,0.999,0.999,0.0971,0.0971,0,0,0,0,0,0,0,0,25,17659.19,0xc90381f6021b8dc8d07dd3d783d3927f34706f8ce1ed097b21cc92f31b5be076,103041090730063233481678246468943921262520375914356653176409396265510672924686,[],
moneyline,480,2026-06-20,Brazil vs. Haiti,3-0,3,Brazil,Will Brazil win on 2026-06-19?,,,3,30,18279.79,0.999,0.999,0.0971,0.0971,0,0,0,0,0,0,0,0,30,18279.79,0xc90381f6021b8dc8d07dd3d783d3927f34706f8ce1ed097b21cc92f31b5be076,103041090730063233481678246468943921262520375914356653176409396265510672924686,[],
moneyline,60,2026-06-20,Netherlands vs. Sweden,5-1,4,Netherlands,Will Netherlands win on 2026-06-20?,,,4,0,0,,,,,0,0,0,0,0,0,0,0,0,0,0xde92d563a6d742a4750c8c83a9c490ee5b02bd5d972a1765ab41c0f9095ef6c0,81043398291360463170235957547610256181022662944963722274721633505163503937838,[],
moneyline,120,2026-06-20,Netherlands vs. Sweden,5-1,4,Netherlands,Will Netherlands win on 2026-06-20?,,,4,0,0,,,,,0,0,0,0,0,0,0,0,0,0,0xde92d563a6d742a4750c8c83a9c490ee5b02bd5d972a1765ab41c0f9095ef6c0,81043398291360463170235957547610256181022662944963722274721633505163503937838,[],
moneyline,180,2026-06-20,Netherlands vs. Sweden,5-1,4,Netherlands,Will Netherlands win on 2026-06-20?,,,4,0,0,,,,,0,0,0,0,0,0,0,0,0,0,0xde92d563a6d742a4750c8c83a9c490ee5b02bd5d972a1765ab41c0f9095ef6c0,81043398291360463170235957547610256181022662944963722274721633505163503937838,[],
moneyline,300,2026-06-20,Netherlands vs. Sweden,5-1,4,Netherlands,Will Netherlands win on 2026-06-20?,,,4,0,0,,,,,0,0,0,0,0,0,0,0,0,0,0xde92d563a6d742a4750c8c83a9c490ee5b02bd5d972a1765ab41c0f9095ef6c0,81043398291360463170235957547610256181022662944963722274721633505163503937838,[],
moneyline,480,2026-06-20,Netherlands vs. Sweden,5-1,4,Netherlands,Will Netherlands win on 2026-06-20?,,,4,0,0,,,,,0,0,0,0,0,0,0,0,0,0,0xde92d563a6d742a4750c8c83a9c490ee5b02bd5d972a1765ab41c0f9095ef6c0,81043398291360463170235957547610256181022662944963722274721633505163503937838,[],
moneyline,60,2026-06-21,Tunisia vs. Japan,0-4,4,Japan,Will Japan win on 2026-06-21?,,,4,18,857.53,0.999,0.999,0.0971,0.0971,0,0,0,0,0,0,0,0,18,857.53,0x051e0ea5b3c394114eacf8ce5e944ca63cbb6ccdef1d086cadc5dd129a3804e6,91234906493805354217250440222911012200186057450151286874925972448339630680686,[],
moneyline,120,2026-06-21,Tunisia vs. Japan,0-4,4,Japan,Will Japan win on 2026-06-21?,,,4,36,2454.08,0.999,0.999,0.0971,0.0971,0,0,0,0,0,0,0,0,36,2454.08,0x051e0ea5b3c394114eacf8ce5e944ca63cbb6ccdef1d086cadc5dd129a3804e6,91234906493805354217250440222911012200186057450151286874925972448339630680686,[],
moneyline,180,2026-06-21,Tunisia vs. Japan,0-4,4,Japan,Will Japan win on 2026-06-21?,,,4,51,3524.93,0.999,0.999,0.0971,0.0971,0,0,0,0,0,0,0,0,51,3524.93,0x051e0ea5b3c394114eacf8ce5e944ca63cbb6ccdef1d086cadc5dd129a3804e6,91234906493805354217250440222911012200186057450151286874925972448339630680686,[],
moneyline,300,2026-06-21,Tunisia vs. Japan,0-4,4,Japan,Will Japan win on 2026-06-21?,,,4,97,14161.75,0.999,0.999,0.0971,0.0971,0,0,0,0,0,0,0,0,97,14161.75,0x051e0ea5b3c394114eacf8ce5e944ca63cbb6ccdef1d086cadc5dd129a3804e6,91234906493805354217250440222911012200186057450151286874925972448339630680686,[],
moneyline,480,2026-06-21,Tunisia vs. Japan,0-4,4,Japan,Will Japan win on 2026-06-21?,,,4,169,30092.4,0.999,0.999,0.0971,0.0971,0,0,0,0,0,0,0,0,169,30092.4,0x051e0ea5b3c394114eacf8ce5e944ca63cbb6ccdef1d086cadc5dd129a3804e6,91234906493805354217250440222911012200186057450151286874925972448339630680686,[],
moneyline,60,2026-06-21,Spain vs. Saudi Arabia,4-0,4,Spain,Will Spain win on 2026-06-21?,,,4,5,96.48,0.999,0.999,0.0971,0.0971,0,0,0,0,0,0,0,0,5,96.48,0x2fcf3968f5feff8c544b1be614f1c7aed22f5051949478bc0b39f9e966cab02a,73510205866448375978164321647457824822309414197359016110940718743916953674850,[],
moneyline,120,2026-06-21,Spain vs. Saudi Arabia,4-0,4,Spain,Will Spain win on 2026-06-21?,,,4,9,254.9,0.999,0.999,0.0971,0.0971,0,0,0,0,0,0,0,0,9,254.9,0x2fcf3968f5feff8c544b1be614f1c7aed22f5051949478bc0b39f9e966cab02a,73510205866448375978164321647457824822309414197359016110940718743916953674850,[],
moneyline,180,2026-06-21,Spain vs. Saudi Arabia,4-0,4,Spain,Will Spain win on 2026-06-21?,,,4,14,456.35,0.999,0.999,0.0971,0.0971,0,0,0,0,0,0,0,0,14,456.35,0x2fcf3968f5feff8c544b1be614f1c7aed22f5051949478bc0b39f9e966cab02a,73510205866448375978164321647457824822309414197359016110940718743916953674850,[],
moneyline,300,2026-06-21,Spain vs. Saudi Arabia,4-0,4,Spain,Will Spain win on 2026-06-21?,,,4,23,3540.58,0.999,0.999,0.0971,0.0971,0,0,0,0,0,0,0,0,23,3540.58,0x2fcf3968f5feff8c544b1be614f1c7aed22f5051949478bc0b39f9e966cab02a,73510205866448375978164321647457824822309414197359016110940718743916953674850,[],
moneyline,480,2026-06-21,Spain vs. Saudi Arabia,4-0,4,Spain,Will Spain win on 2026-06-21?,,,4,29,3895.53,0.999,0.999,0.0971,0.0971,0,0,0,0,0,0,0,0,29,3895.53,0x2fcf3968f5feff8c544b1be614f1c7aed22f5051949478bc0b39f9e966cab02a,73510205866448375978164321647457824822309414197359016110940718743916953674850,[],
moneyline,60,2026-06-22,New Zealand vs. Egypt,1-3,2,Egypt,Will Egypt win on 2026-06-21?,,,2,16,2741.03,0.999,0.999,0.0971,0.0971,0,0,0,0,0,0,0,0,16,2741.03,0x16c981b47490212bbb7d70edcccc419a84ff5771bc85c1b7abae37128975953e,13689393741027779813840434297856122590360803048059505899834082936957632248186,[],
moneyline,120,2026-06-22,New Zealand vs. Egypt,1-3,2,Egypt,Will Egypt win on 2026-06-21?,,,2,35,3504.22,0.999,0.999,0.0971,0.0971,0,0,0,0,0,0,0,0,35,3504.22,0x16c981b47490212bbb7d70edcccc419a84ff5771bc85c1b7abae37128975953e,13689393741027779813840434297856122590360803048059505899834082936957632248186,[],
moneyline,180,2026-06-22,New Zealand vs. Egypt,1-3,2,Egypt,Will Egypt win on 2026-06-21?,,,2,41,4349.56,0.999,0.999,0.0971,0.0971,0,0,0,0,0,0,0,0,41,4349.56,0x16c981b47490212bbb7d70edcccc419a84ff5771bc85c1b7abae37128975953e,13689393741027779813840434297856122590360803048059505899834082936957632248186,[],
moneyline,300,2026-06-22,New Zealand vs. Egypt,1-3,2,Egypt,Will Egypt win on 2026-06-21?,,,2,85,37647.83,0.998,0.999,0.1944,0.0971,0,0,0,0,0,0,0,0,85,37647.83,0x16c981b47490212bbb7d70edcccc419a84ff5771bc85c1b7abae37128975953e,13689393741027779813840434297856122590360803048059505899834082936957632248186,[],
moneyline,480,2026-06-22,New Zealand vs. Egypt,1-3,2,Egypt,Will Egypt win on 2026-06-21?,,,2,246,324662.727438,0.98,0.999,1.9808,0.0971,0,0,6,51390.52,41,112771.36,63,177054.82,246,324662.727438,0x16c981b47490212bbb7d70edcccc419a84ff5771bc85c1b7abae37128975953e,13689393741027779813840434297856122590360803048059505899834082936957632248186,[],
spread_cushion2,60,2026-06-14,Germany vs. Curaçao,7-1,6,Germany,Spread: Germany (-3.5),-3.5,4,2,5,10907.7,0.999,0.999,0.0971,0.0971,0,0,0,0,0,0,0,0,5,10907.7,0x3fbc68160eebf3b359b077b0e5ea8c7052031e84ec159c5002666302f67b508c,104388411846002642211950323407423945667181304427085395697715118826089726969395,[],
spread_cushion2,120,2026-06-14,Germany vs. Curaçao,7-1,6,Germany,Spread: Germany (-3.5),-3.5,4,2,13,16330.57,0.999,0.999,0.0971,0.0971,0,0,0,0,0,0,0,0,13,16330.57,0x3fbc68160eebf3b359b077b0e5ea8c7052031e84ec159c5002666302f67b508c,104388411846002642211950323407423945667181304427085395697715118826089726969395,[],
spread_cushion2,180,2026-06-14,Germany vs. Curaçao,7-1,6,Germany,Spread: Germany (-3.5),-3.5,4,2,16,16597.18,0.999,0.999,0.0971,0.0971,0,0,0,0,0,0,0,0,16,16597.18,0x3fbc68160eebf3b359b077b0e5ea8c7052031e84ec159c5002666302f67b508c,104388411846002642211950323407423945667181304427085395697715118826089726969395,[],
spread_cushion2,300,2026-06-14,Germany vs. Curaçao,7-1,6,Germany,Spread: Germany (-3.5),-3.5,4,2,32,61057.79,0.999,0.999,0.0971,0.0971,0,0,0,0,0,0,0,0,32,61057.79,0x3fbc68160eebf3b359b077b0e5ea8c7052031e84ec159c5002666302f67b508c,104388411846002642211950323407423945667181304427085395697715118826089726969395,[],
spread_cushion2,480,2026-06-14,Germany vs. Curaçao,7-1,6,Germany,Spread: Germany (-3.5),-3.5,4,2,43,61685.7,0.99,0.999,0.9801,0.0971,0,0,0,0,8,376.07,8,376.07,43,61685.7,0x3fbc68160eebf3b359b077b0e5ea8c7052031e84ec159c5002666302f67b508c,104388411846002642211950323407423945667181304427085395697715118826089726969395,[],
spread_cushion2,60,2026-06-15,Sweden vs. Tunisia,5-1,4,Sweden,Spread: Sweden (-1.5),-1.5,2,2,5,283.79,0.999,0.999,0.0971,0.0971,0,0,0,0,0,0,0,0,5,283.79,0xee119a12bd76bb9d059e4199903d7439eea0b090d04a36f3e4aff728fd2e506f,35463112035006943671957803835259817475986304059986314746310819822883520418425,[],
spread_cushion2,120,2026-06-15,Sweden vs. Tunisia,5-1,4,Sweden,Spread: Sweden (-1.5),-1.5,2,2,8,680.28,0.999,0.999,0.0971,0.0971,0,0,0,0,0,0,0,0,8,680.28,0xee119a12bd76bb9d059e4199903d7439eea0b090d04a36f3e4aff728fd2e506f,35463112035006943671957803835259817475986304059986314746310819822883520418425,[],
spread_cushion2,180,2026-06-15,Sweden vs. Tunisia,5-1,4,Sweden,Spread: Sweden (-1.5),-1.5,2,2,8,680.28,0.999,0.999,0.0971,0.0971,0,0,0,0,0,0,0,0,8,680.28,0xee119a12bd76bb9d059e4199903d7439eea0b090d04a36f3e4aff728fd2e506f,35463112035006943671957803835259817475986304059986314746310819822883520418425,[],
spread_cushion2,300,2026-06-15,Sweden vs. Tunisia,5-1,4,Sweden,Spread: Sweden (-1.5),-1.5,2,2,12,1091.49,0.99,0.999,0.9801,0.0971,0,0,0,0,4,411.21,4,411.21,12,1091.49,0xee119a12bd76bb9d059e4199903d7439eea0b090d04a36f3e4aff728fd2e506f,35463112035006943671957803835259817475986304059986314746310819822883520418425,[],
spread_cushion2,480,2026-06-15,Sweden vs. Tunisia,5-1,4,Sweden,Spread: Sweden (-1.5),-1.5,2,2,18,5769.31,0.99,0.999,0.9801,0.0971,0,0,0,0,10,5089.03,10,5089.03,18,5769.31,0xee119a12bd76bb9d059e4199903d7439eea0b090d04a36f3e4aff728fd2e506f,35463112035006943671957803835259817475986304059986314746310819822883520418425,[],
spread_cushion2,60,2026-06-18,Canada vs. Qatar,6-0,6,Canada,Spread: Canada (-3.5),-3.5,4,2,0,0,,,,,0,0,0,0,0,0,0,0,0,0,0x3988e32420aa1f8d277edc65dce1e13b9779512c56e16531a09dcd7f8ce40ed0,12157058145916350619740191677787370100236487460367198691145114178975992795342,[],
spread_cushion2,120,2026-06-18,Canada vs. Qatar,6-0,6,Canada,Spread: Canada (-3.5),-3.5,4,2,1,45.97,0.999,0.999,0.0971,0.0971,0,0,0,0,0,0,0,0,1,45.97,0x3988e32420aa1f8d277edc65dce1e13b9779512c56e16531a09dcd7f8ce40ed0,12157058145916350619740191677787370100236487460367198691145114178975992795342,[],
spread_cushion2,180,2026-06-18,Canada vs. Qatar,6-0,6,Canada,Spread: Canada (-3.5),-3.5,4,2,1,45.97,0.999,0.999,0.0971,0.0971,0,0,0,0,0,0,0,0,1,45.97,0x3988e32420aa1f8d277edc65dce1e13b9779512c56e16531a09dcd7f8ce40ed0,12157058145916350619740191677787370100236487460367198691145114178975992795342,[],
spread_cushion2,300,2026-06-18,Canada vs. Qatar,6-0,6,Canada,Spread: Canada (-3.5),-3.5,4,2,2,1208.76,0.999,0.999,0.0971,0.0971,0,0,0,0,0,0,0,0,2,1208.76,0x3988e32420aa1f8d277edc65dce1e13b9779512c56e16531a09dcd7f8ce40ed0,12157058145916350619740191677787370100236487460367198691145114178975992795342,[],
spread_cushion2,480,2026-06-18,Canada vs. Qatar,6-0,6,Canada,Spread: Canada (-3.5),-3.5,4,2,3,1241.44,0.999,0.999,0.0971,0.0971,0,0,0,0,0,0,0,0,3,1241.44,0x3988e32420aa1f8d277edc65dce1e13b9779512c56e16531a09dcd7f8ce40ed0,12157058145916350619740191677787370100236487460367198691145114178975992795342,[],
spread_cushion2,60,2026-06-20,Netherlands vs. Sweden,5-1,4,Netherlands,Spread: Netherlands (-1.5),-1.5,2,2,1,14.7,0.999,0.999,0.0971,0.0971,0,0,0,0,0,0,0,0,1,14.7,0x4a5c996d32d0905e5c13b18671de76b98409c606b1f8fafb327f80a91525d523,77750921493340197947082763683146261440109411384967326868029160147588079851288,[],
spread_cushion2,120,2026-06-20,Netherlands vs. Sweden,5-1,4,Netherlands,Spread: Netherlands (-1.5),-1.5,2,2,3,1783.53,0.999,0.999,0.0971,0.0971,0,0,0,0,0,0,0,0,3,1783.53,0x4a5c996d32d0905e5c13b18671de76b98409c606b1f8fafb327f80a91525d523,77750921493340197947082763683146261440109411384967326868029160147588079851288,[],
spread_cushion2,180,2026-06-20,Netherlands vs. Sweden,5-1,4,Netherlands,Spread: Netherlands (-1.5),-1.5,2,2,5,2022.12,0.999,0.999,0.0971,0.0971,0,0,0,0,0,0,0,0,5,2022.12,0x4a5c996d32d0905e5c13b18671de76b98409c606b1f8fafb327f80a91525d523,77750921493340197947082763683146261440109411384967326868029160147588079851288,[],
spread_cushion2,300,2026-06-20,Netherlands vs. Sweden,5-1,4,Netherlands,Spread: Netherlands (-1.5),-1.5,2,2,9,5244.62,0.999,0.999,0.0971,0.0971,0,0,0,0,0,0,0,0,9,5244.62,0x4a5c996d32d0905e5c13b18671de76b98409c606b1f8fafb327f80a91525d523,77750921493340197947082763683146261440109411384967326868029160147588079851288,[],
spread_cushion2,480,2026-06-20,Netherlands vs. Sweden,5-1,4,Netherlands,Spread: Netherlands (-1.5),-1.5,2,2,13,58722.600499,0.991,0.999,0.8812,0.0971,0,0,0,0,0,0,1,19.0,13,58722.600499,0x4a5c996d32d0905e5c13b18671de76b98409c606b1f8fafb327f80a91525d523,77750921493340197947082763683146261440109411384967326868029160147588079851288,[],
spread_cushion2,60,2026-06-21,Tunisia vs. Japan,0-4,4,Japan,Spread: Japan (-1.5),-1.5,2,2,12,260.89,0.999,0.999,0.0971,0.0971,0,0,0,0,0,0,0,0,12,260.89,0xabcd94970a42787bb01726ff703134cf666434b9bdaa288505290e6a4b339fc0,28361600040624623099177233767485439434038685821530406230501166593248182856762,[],
spread_cushion2,120,2026-06-21,Tunisia vs. Japan,0-4,4,Japan,Spread: Japan (-1.5),-1.5,2,2,17,711.7,0.999,0.999,0.0971,0.0971,0,0,0,0,0,0,0,0,17,711.7,0xabcd94970a42787bb01726ff703134cf666434b9bdaa288505290e6a4b339fc0,28361600040624623099177233767485439434038685821530406230501166593248182856762,[],
spread_cushion2,180,2026-06-21,Tunisia vs. Japan,0-4,4,Japan,Spread: Japan (-1.5),-1.5,2,2,23,91772.18,0.999,0.999,0.0971,0.0971,0,0,0,0,0,0,0,0,23,91772.18,0xabcd94970a42787bb01726ff703134cf666434b9bdaa288505290e6a4b339fc0,28361600040624623099177233767485439434038685821530406230501166593248182856762,[],
spread_cushion2,300,2026-06-21,Tunisia vs. Japan,0-4,4,Japan,Spread: Japan (-1.5),-1.5,2,2,29,94836.15,0.999,0.999,0.0971,0.0971,0,0,0,0,0,0,0,0,29,94836.15,0xabcd94970a42787bb01726ff703134cf666434b9bdaa288505290e6a4b339fc0,28361600040624623099177233767485439434038685821530406230501166593248182856762,[],
spread_cushion2,480,2026-06-21,Tunisia vs. Japan,0-4,4,Japan,Spread: Japan (-1.5),-1.5,2,2,53,97923.61,0.999,0.999,0.0971,0.0971,0,0,0,0,0,0,0,0,53,97923.61,0xabcd94970a42787bb01726ff703134cf666434b9bdaa288505290e6a4b339fc0,28361600040624623099177233767485439434038685821530406230501166593248182856762,[],
spread_cushion2,60,2026-06-21,Spain vs. Saudi Arabia,4-0,4,Spain,Spread: Spain (-1.5),-1.5,2,2,0,0,,,,,0,0,0,0,0,0,0,0,0,0,0x5becd484cc612594dd3f2a5138d9c191f9089dbc7dc3bd7dbbfb9d2184ed194c,36863639261949814917978374449201797831211251115404760185425371467703220481723,[],
spread_cushion2,120,2026-06-21,Spain vs. Saudi Arabia,4-0,4,Spain,Spread: Spain (-1.5),-1.5,2,2,1,527.57,0.999,0.999,0.0971,0.0971,0,0,0,0,0,0,0,0,1,527.57,0x5becd484cc612594dd3f2a5138d9c191f9089dbc7dc3bd7dbbfb9d2184ed194c,36863639261949814917978374449201797831211251115404760185425371467703220481723,[],
spread_cushion2,180,2026-06-21,Spain vs. Saudi Arabia,4-0,4,Spain,Spread: Spain (-1.5),-1.5,2,2,1,527.57,0.999,0.999,0.0971,0.0971,0,0,0,0,0,0,0,0,1,527.57,0x5becd484cc612594dd3f2a5138d9c191f9089dbc7dc3bd7dbbfb9d2184ed194c,36863639261949814917978374449201797831211251115404760185425371467703220481723,[],
spread_cushion2,300,2026-06-21,Spain vs. Saudi Arabia,4-0,4,Spain,Spread: Spain (-1.5),-1.5,2,2,4,646.94,0.999,0.999,0.0971,0.0971,0,0,0,0,0,0,0,0,4,646.94,0x5becd484cc612594dd3f2a5138d9c191f9089dbc7dc3bd7dbbfb9d2184ed194c,36863639261949814917978374449201797831211251115404760185425371467703220481723,[],
spread_cushion2,480,2026-06-21,Spain vs. Saudi Arabia,4-0,4,Spain,Spread: Spain (-1.5),-1.5,2,2,5,649.64,0.999,0.999,0.0971,0.0971,0,0,0,0,0,0,0,0,5,649.64,0x5becd484cc612594dd3f2a5138d9c191f9089dbc7dc3bd7dbbfb9d2184ed194c,36863639261949814917978374449201797831211251115404760185425371467703220481723,[],
